vehicle_id,zone_name,latitude,longitude,soc_now,hour,day_of_week,demand_zone_score,timestamp_iso,temp_c,rain_mm,battery_health,trips_last_24h,avg_trip_km,last_trip_km,last_trip_min,minutes_to_empty
VLP-1001-1000,Villepinte,48.973401,2.54896,0.573,10,2,1.2,2025-10-01T10:00,18.1,0.0,0.923,1,2.96,3.78,9.5,219.3
VRY-1001-1001,Viry-Chatillon,48.67441,2.404462,0.726,22,2,1.0,2025-10-01T22:00,14.8,0.0,0.863,6,1.09,0.55,10.3,363.0
VRY-1001-1002,Viry-Chatillon,48.659894,2.381791,0.399,15,2,1.0,2025-10-01T15:00,14.3,0.0,0.91,1,2.38,1.17,13.9,149.2
VLP-1001-1003,Villepinte,48.963932,2.559352,0.777,6,2,1.2,2025-10-01T06:00,14.0,0.0,0.958,2,1.77,0.78,20.1,313.8
BOB-1001-1004,Bobigny,48.901064,2.465251,0.63,10,2,1.15,2025-10-01T10:00,18.8,0.0,0.952,6,1.73,3.03,15.5,318.1
VRY-1001-1005,Viry-Chatillon,48.671802,2.375771,0.624,10,2,1.0,2025-10-01T10:00,15.5,0.0,0.897,2,1.59,2.3,10.1,313.0
BOB-1001-1006,Bobigny,48.908304,2.429073,0.254,19,2,1.667,2025-10-01T19:00,13.2,0.0,0.971,7,1.42,1.9,16.9,89.6
VLP-1001-1007,Villepinte,48.96599,2.531,0.496,16,2,1.2,2025-10-01T16:00,12.8,0.0,0.929,3,1.6,1.56,17.6,256.9
BOB-1001-1008,Bobigny,48.900437,2.452201,0.295,16,2,1.15,2025-10-01T16:00,17.9,0.0,0.925,1,3.35,3.88,8.1,113.4
RSB-1001-1009,Roissy-en-Brie,48.784856,2.660335,0.542,6,2,1.1,2025-10-01T06:00,20.5,0.0,0.909,6,0.95,1.15,11.3,249.9
MAL-1001-1010,Malakoff,48.828586,2.304708,0.798,19,2,1.522,2025-10-01T19:00,22.7,4.45,0.954,6,1.58,1.72,17.1,243.8
BOB-1001-1011,Bobigny,48.908583,2.464111,0.396,9,2,1.667,2025-10-01T09:00,15.6,0.0,0.878,2,2.58,2.7,15.6,96.0
RSB-1001-1012,Roissy-en-Brie,48.782939,2.645046,0.526,14,2,1.1,2025-10-01T14:00,16.2,0.0,0.983,4,2.37,2.97,17.0,266.9
RSB-1001-1013,Roissy-en-Brie,48.76436,2.640685,0.586,16,2,1.1,2025-10-01T16:00,14.6,0.81,0.891,4,1.01,1.16,11.9,262.5
VRY-1001-1014,Viry-Chatillon,48.674631,2.382168,0.348,6,2,1.0,2025-10-01T06:00,16.4,0.96,0.939,3,0.93,0.68,8.5,164.3
VRY-1001-1015,Viry-Chatillon,48.674609,2.382014,0.95,22,2,1.0,2025-10-01T22:00,22.4,0.0,0.888,3,2.55,1.29,14.7,522.6
MAL-1001-1016,Malakoff,48.819776,2.297415,0.234,16,2,1.05,2025-10-01T16:00,14.9,1.85,0.994,3,1.56,1.91,4.9,124.2
BOB-1001-1017,Bobigny,48.913418,2.438645,0.442,15,2,1.15,2025-10-01T15:00,14.0,1.6,0.966,3,1.36,1.45,11.0,188.8
VLP-1001-1018,Villepinte,48.968583,2.538841,0.881,15,2,1.2,2025-10-01T15:00,15.2,0.0,0.865,4,2.36,1.83,10.5,373.0
RSB-1001-1019,Roissy-en-Brie,48.794599,2.668917,0.723,21,2,1.1,2025-10-01T21:00,18.2,0.0,0.964,1,2.46,2.19,12.8,333.2
BOB-1001-1020,Bobigny,48.902083,2.470464,0.306,8,2,1.667,2025-10-01T08:00,12.9,0.0,0.868,2,2.36,2.15,18.6,117.2
RSB-1001-1021,Roissy-en-Brie,48.786725,2.661208,0.502,14,2,1.1,2025-10-01T14:00,22.5,0.0,0.98,1,1.36,1.5,15.3,248.2
VLP-1001-1022,Villepinte,48.968321,2.54579,0.335,8,2,1.74,2025-10-01T08:00,17.2,1.62,0.986,9,3.77,3.67,23.4,104.2
BOB-1001-1023,Bobigny,48.900023,2.451004,0.242,13,2,1.15,2025-10-01T13:00,26.0,0.0,0.935,4,2.22,1.81,9.1,136.0
BOB-1001-1024,Bobigny,48.910766,2.452147,0.203,19,2,1.667,2025-10-01T19:00,12.4,0.0,0.972,6,2.86,3.21,17.1,62.9
VRY-1001-1025,Viry-Chatillon,48.667994,2.377246,0.425,6,2,1.0,2025-10-01T06:00,16.3,0.0,0.88,5,1.27,0.8,7.8,202.2
VLP-1001-1026,Villepinte,48.975298,2.539688,0.272,16,2,1.2,2025-10-01T16:00,18.1,0.0,0.977,4,2.45,2.4,9.2,129.2
MAL-1001-1027,Malakoff,48.809274,2.311048,0.45,18,2,1.522,2025-10-01T18:00,16.5,0.0,0.959,0,3.08,2.21,17.8,165.1
VLP-1001-1028,Villepinte,48.968276,2.542882,0.482,12,2,1.2,2025-10-01T12:00,20.0,0.0,0.876,6,0.3,0.81,6.6,186.4
VLP-1001-1029,Villepinte,48.954098,2.559011,0.693,16,2,1.2,2025-10-01T16:00,15.6,0.0,0.926,4,0.74,0.22,15.2,319.3
VRY-1001-1030,Viry-Chatillon,48.668043,2.371699,0.544,20,2,1.45,2025-10-01T20:00,19.7,1.06,0.883,5,2.21,1.84,11.1,174.9
RSB-1001-1031,Roissy-en-Brie,48.795256,2.651683,0.436,10,2,1.1,2025-10-01T10:00,17.3,0.0,0.931,2,2.18,2.33,14.2,250.3
MAL-1001-1032,Malakoff,48.810649,2.291813,0.1,16,2,1.05,2025-10-01T16:00,14.3,0.0,0.961,0,1.54,1.22,7.6,42.3
RSB-1001-1033,Roissy-en-Brie,48.797918,2.646937,0.829,12,2,1.1,2025-10-01T12:00,21.3,0.0,0.943,3,2.75,3.28,6.6,402.2
BOB-1001-1034,Bobigny,48.91107,2.471247,0.545,6,2,1.15,2025-10-01T06:00,23.1,0.0,0.984,0,1.83,2.03,6.1,258.7
MAL-1001-1035,Malakoff,48.81349,2.292177,0.507,8,2,1.522,2025-10-01T08:00,25.8,0.0,0.993,8,2.72,2.03,11.0,144.8
RSB-1001-1036,Roissy-en-Brie,48.793675,2.66475,0.414,11,2,1.1,2025-10-01T11:00,15.7,0.59,0.962,3,1.98,1.92,10.7,199.0
BOB-1001-1037,Bobigny,48.919408,2.450193,0.537,6,2,1.15,2025-10-01T06:00,20.2,1.67,0.979,8,2.26,1.13,13.8,261.0
MAL-1001-1038,Malakoff,48.840747,2.301046,0.329,21,2,1.05,2025-10-01T21:00,21.9,0.0,0.897,1,2.38,0.76,12.5,145.2
VRY-1001-1039,Viry-Chatillon,48.665029,2.398017,0.32,10,2,1.0,2025-10-01T10:00,11.4,0.0,0.964,3,0.36,1.58,11.0,135.1
VLP-1001-1040,Villepinte,48.965236,2.558241,0.452,7,2,1.74,2025-10-01T07:00,19.5,0.9,0.924,5,3.21,3.8,21.9,125.4
RSB-1001-1041,Roissy-en-Brie,48.794142,2.657159,0.654,12,2,1.1,2025-10-01T12:00,20.9,0.0,0.923,3,1.55,1.52,15.5,322.8
VLP-1001-1042,Villepinte,48.976876,2.534102,0.233,15,2,1.2,2025-10-01T15:00,14.8,0.0,0.987,2,1.08,0.43,12.0,132.5
MAL-1001-1043,Malakoff,48.811843,2.294519,0.359,21,2,1.05,2025-10-01T21:00,11.1,0.0,0.931,2,2.71,2.22,10.9,187.3
BOB-1001-1044,Bobigny,48.899385,2.443055,0.499,17,2,1.667,2025-10-01T17:00,23.6,0.0,0.97,3,2.73,2.53,11.5,167.0
VLP-1001-1045,Villepinte,48.962389,2.527031,0.474,12,2,1.2,2025-10-01T12:00,23.8,0.0,0.871,4,1.34,1.84,15.1,221.2
BOB-1001-1046,Bobigny,48.906215,2.434091,0.206,7,2,1.667,2025-10-01T07:00,26.2,0.0,0.875,8,2.34,2.99,17.8,54.4
VRY-1001-1047,Viry-Chatillon,48.659977,2.381814,0.207,13,2,1.0,2025-10-01T13:00,21.4,0.0,0.869,3,1.46,1.47,9.2,73.0
BOB-1001-1048,Bobigny,48.918428,2.472605,0.846,8,2,1.667,2025-10-01T08:00,11.2,0.0,0.934,7,2.27,1.79,16.6,297.8
VLP-1001-1049,Villepinte,48.969966,2.569054,0.4,16,2,1.2,2025-10-01T16:00,16.9,0.0,0.927,3,1.56,1.4,16.0,148.4
RSB-1001-1050,Roissy-en-Brie,48.800588,2.645755,0.1,6,2,1.1,2025-10-01T06:00,15.0,0.0,0.872,4,1.97,1.0,11.5,35.1
MAL-1001-1051,Malakoff,48.821112,2.315778,0.131,10,2,1.05,2025-10-01T10:00,16.9,0.0,0.921,4,1.92,2.37,16.7,56.1
VLP-1001-1052,Villepinte,48.968058,2.540775,0.264,14,2,1.2,2025-10-01T14:00,15.9,0.0,0.864,1,1.77,2.97,6.7,115.2
VLP-1001-1053,Villepinte,48.967231,2.542761,0.713,8,2,1.74,2025-10-01T08:00,24.2,0.0,0.963,4,2.5,2.02,16.3,210.6
MAL-1001-1054,Malakoff,48.818112,2.299997,0.475,9,2,1.522,2025-10-01T09:00,24.1,1.12,0.91,4,3.34,4.23,12.5,156.2
VLP-1001-1055,Villepinte,48.96847,2.547438,0.561,15,2,1.2,2025-10-01T15:00,8.9,0.0,0.868,4,2.62,2.4,10.0,245.8
RSB-1001-1056,Roissy-en-Brie,48.79615,2.649597,0.91,10,2,1.1,2025-10-01T10:00,16.4,0.0,0.922,4,1.29,0.47,8.0,419.4
BOB-1001-1057,Bobigny,48.912952,2.456519,0.533,16,2,1.15,2025-10-01T16:00,19.2,0.0,0.971,7,2.81,2.8,6.6,247.3
BOB-1001-1058,Bobigny,48.910214,2.471313,0.645,17,2,1.667,2025-10-01T17:00,17.9,1.02,0.963,7,2.5,2.68,15.1,201.4
VRY-1001-1059,Viry-Chatillon,48.66613,2.366621,0.537,20,2,1.45,2025-10-01T20:00,17.8,0.0,0.948,4,1.94,0.41,15.0,175.4
VLP-1001-1060,Villepinte,48.978262,2.539846,0.262,13,2,1.2,2025-10-01T13:00,20.6,0.0,0.991,5,1.46,1.63,11.5,98.7
BOB-1001-1061,Bobigny,48.893705,2.430371,0.479,16,2,1.15,2025-10-01T16:00,17.4,0.0,0.901,1,1.48,2.26,12.6,188.8
RSB-1001-1062,Roissy-en-Brie,48.794823,2.629128,0.373,17,2,1.595,2025-10-01T17:00,19.8,0.0,0.903,4,2.76,3.71,12.9,123.9
MAL-1001-1063,Malakoff,48.82173,2.2933,0.436,20,2,1.522,2025-10-01T20:00,15.4,0.0,0.982,5,3.87,4.38,16.3,172.7
VRY-1001-1064,Viry-Chatillon,48.678571,2.360564,0.521,11,2,1.0,2025-10-01T11:00,13.9,0.66,0.864,3,1.86,1.13,8.3,273.5
RSB-1001-1065,Roissy-en-Brie,48.784755,2.669775,0.397,7,2,1.595,2025-10-01T07:00,20.7,0.0,0.919,3,4.51,4.7,14.3,130.2
MAL-1001-1066,Malakoff,48.83118,2.31836,0.346,18,2,1.522,2025-10-01T18:00,22.2,3.64,0.875,1,3.69,4.1,6.5,125.8
VLP-1001-1067,Villepinte,48.960347,2.548052,0.652,13,2,1.2,2025-10-01T13:00,15.6,0.0,0.942,1,2.0,1.44,17.7,254.4
BOB-1001-1068,Bobigny,48.914292,2.477041,0.393,14,2,1.15,2025-10-01T14:00,20.8,0.0,0.964,6,2.43,2.14,4.9,140.1
BOB-1001-1069,Bobigny,48.896818,2.47518,0.461,10,2,1.15,2025-10-01T10:00,15.7,0.0,0.963,3,2.34,1.95,11.2,207.7
RSB-1001-1070,Roissy-en-Brie,48.799125,2.671649,0.277,18,2,1.595,2025-10-01T18:00,20.4,0.0,0.985,4,2.76,2.66,21.7,83.5
MAL-1001-1071,Malakoff,48.819715,2.296042,0.431,17,2,1.522,2025-10-01T17:00,21.3,0.0,0.861,1,3.35,2.97,9.2,125.7
VLP-1001-1072,Villepinte,48.974016,2.546492,0.534,19,2,1.74,2025-10-01T19:00,16.4,0.0,0.886,4,3.07,2.21,13.9,166.1
BOB-1001-1073,Bobigny,48.900146,2.474771,0.349,6,2,1.15,2025-10-01T06:00,21.8,0.0,0.918,4,1.67,0.22,11.7,173.0
BOB-1001-1074,Bobigny,48.915607,2.440451,0.642,19,2,1.667,2025-10-01T19:00,20.3,0.47,0.931,2,1.92,1.24,15.8,200.8
VRY-1001-1075,Viry-Chatillon,48.658473,2.403824,0.544,7,2,1.45,2025-10-01T07:00,19.4,0.44,0.986,3,2.56,2.4,18.5,163.2
RSB-1001-1076,Roissy-en-Brie,48.79738,2.657039,0.489,14,2,1.1,2025-10-01T14:00,13.8,0.0,0.875,2,2.21,2.32,10.2,198.6
MAL-1001-1077,Malakoff,48.822829,2.287575,0.95,9,2,1.522,2025-10-01T09:00,25.2,0.0,0.916,4,2.71,1.89,17.1,310.3
VRY-1001-1078,Viry-Chatillon,48.66286,2.375755,0.529,11,2,1.0,2025-10-01T11:00,23.2,0.0,0.924,2,1.3,1.59,6.5,268.0
VRY-1001-1079,Viry-Chatillon,48.660498,2.366375,0.432,14,2,1.0,2025-10-01T14:00,24.7,0.0,0.898,3,1.41,1.5,7.8,204.3
VLP-1001-1080,Villepinte,48.96893,2.537268,0.605,15,2,1.2,2025-10-01T15:00,20.6,0.0,0.924,6,1.47,2.21,11.1,252.4
MAL-1001-1081,Malakoff,48.820372,2.307245,0.293,12,2,1.05,2025-10-01T12:00,17.5,0.0,0.881,0,2.76,1.6,13.3,93.7
BOB-1001-1082,Bobigny,48.896859,2.471553,0.642,6,2,1.15,2025-10-01T06:00,19.7,0.0,0.938,3,2.7,2.3,8.1,284.7
VRY-1001-1083,Viry-Chatillon,48.665647,2.36892,0.679,11,2,1.0,2025-10-01T11:00,9.5,0.0,0.869,2,1.94,1.7,6.7,366.8
VRY-1001-1084,Viry-Chatillon,48.674378,2.377962,0.23,10,2,1.0,2025-10-01T10:00,24.2,0.0,0.863,7,0.98,0.2,12.9,103.9
MAL-1001-1085,Malakoff,48.814144,2.298866,0.504,22,2,1.05,2025-10-01T22:00,21.3,0.0,0.923,4,2.15,2.46,9.5,249.4
RSB-1001-1086,Roissy-en-Brie,48.781488,2.636233,0.36,12,2,1.1,2025-10-01T12:00,17.5,0.0,0.963,3,0.35,1.25,12.5,183.9
MAL-1001-1087,Malakoff,48.829126,2.299604,0.295,18,2,1.522,2025-10-01T18:00,16.2,0.0,0.941,4,2.0,2.78,13.0,101.9
BOB-1001-1088,Bobigny,48.906819,2.442863,0.675,13,2,1.15,2025-10-01T13:00,20.2,0.0,0.889,2,2.0,2.31,12.8,245.4
VRY-1001-1089,Viry-Chatillon,48.672413,2.373693,0.338,21,2,1.0,2025-10-01T21:00,18.8,0.0,0.964,4,0.82,0.42,13.6,182.2
VRY-1001-1090,Viry-Chatillon,48.662875,2.370463,0.54,15,2,1.0,2025-10-01T15:00,19.8,0.0,0.942,7,1.76,2.74,10.1,276.5
VRY-1001-1091,Viry-Chatillon,48.667284,2.374698,0.237,11,2,1.0,2025-10-01T11:00,13.7,0.0,0.995,4,1.84,1.29,9.4,119.5
RSB-1001-1092,Roissy-en-Brie,48.784317,2.660838,0.777,22,2,1.1,2025-10-01T22:00,20.0,1.88,0.992,3,2.08,2.26,5.9,331.2
VRY-1001-1093,Viry-Chatillon,48.66148,2.377537,0.356,12,2,1.0,2025-10-01T12:00,15.8,0.0,0.93,4,2.12,1.38,8.5,162.6
RSB-1001-1094,Roissy-en-Brie,48.762083,2.647762,0.514,17,2,1.595,2025-10-01T17:00,17.6,0.0,0.923,8,2.46,1.45,20.7,157.8
VLP-1001-1095,Villepinte,48.978609,2.543509,0.761,8,2,1.74,2025-10-01T08:00,16.7,1.26,0.966,9,4.06,3.98,13.4,207.3
BOB-1001-1096,Bobigny,48.896328,2.448617,0.488,11,2,1.15,2025-10-01T11:00,13.1,0.0,0.986,4,2.95,3.34,15.7,184.9
VLP-1001-1097,Villepinte,48.964228,2.537605,0.411,15,2,1.2,2025-10-01T15:00,18.4,2.02,0.937,4,2.58,2.02,9.6,196.6
RSB-1001-1098,Roissy-en-Brie,48.777964,2.669182,0.702,9,2,1.595,2025-10-01T09:00,18.1,0.0,0.881,2,3.42,2.75,19.8,223.4
BOB-1001-1099,Bobigny,48.918001,2.465914,0.503,20,2,1.667,2025-10-01T20:00,11.2,0.0,0.976,4,3.17,2.68,13.4,179.0
BOB-1001-1100,Bobigny,48.93157,2.431699,0.628,9,2,1.667,2025-10-01T09:00,20.4,0.0,0.915,5,1.81,1.04,11.5,202.3
BOB-1001-1101,Bobigny,48.918109,2.448088,0.138,19,2,1.667,2025-10-01T19:00,19.7,0.56,0.989,4,4.59,4.79,9.6,22.2
RSB-1001-1102,Roissy-en-Brie,48.804943,2.643795,0.215,14,2,1.1,2025-10-01T14:00,22.1,0.0,0.994,1,0.99,1.12,11.8,84.0
VRY-1001-1103,Viry-Chatillon,48.666531,2.40391,0.568,14,2,1.0,2025-10-01T14:00,16.5,0.0,0.887,1,1.98,1.25,5.7,259.0
BOB-1001-1104,Bobigny,48.91502,2.459227,0.688,11,2,1.15,2025-10-01T11:00,22.9,0.0,0.988,6,1.78,1.38,6.8,285.4
VRY-1001-1105,Viry-Chatillon,48.669122,2.378726,0.663,6,2,1.0,2025-10-01T06:00,22.2,0.0,0.982,6,1.75,1.61,18.7,352.0
MAL-1001-1106,Malakoff,48.828726,2.290773,0.491,7,2,1.522,2025-10-01T07:00,16.3,0.0,0.88,6,1.41,1.59,18.3,169.0
MAL-1001-1107,Malakoff,48.84213,2.29082,0.719,20,2,1.522,2025-10-01T20:00,23.8,0.0,0.927,3,1.41,1.39,13.3,230.2
VLP-1001-1108,Villepinte,48.971906,2.548371,0.614,8,2,1.74,2025-10-01T08:00,21.5,0.0,0.864,4,4.51,4.77,13.2,168.0
RSB-1001-1109,Roissy-en-Brie,48.785792,2.665285,0.317,9,2,1.595,2025-10-01T09:00,20.8,0.0,0.989,9,2.46,2.1,17.7,88.2
MAL-1001-1110,Malakoff,48.822873,2.293045,0.136,15,2,1.05,2025-10-01T15:00,20.8,0.0,0.978,4,0.6,0.73,9.8,103.0
VLP-1001-1111,Villepinte,48.955015,2.557314,0.515,7,2,1.74,2025-10-01T07:00,15.7,0.0,0.91,7,1.91,0.82,10.5,162.7
BOB-1001-1112,Bobigny,48.903944,2.4532,0.622,16,2,1.15,2025-10-01T16:00,20.0,0.0,0.873,4,2.83,3.07,13.3,262.4
VLP-1001-1113,Villepinte,48.96556,2.553192,0.63,13,2,1.2,2025-10-01T13:00,19.7,0.0,1.0,3,2.16,1.32,12.3,300.5
BOB-1001-1114,Bobigny,48.899503,2.448618,0.599,14,2,1.15,2025-10-01T14:00,28.2,0.0,0.912,1,2.31,2.26,9.7,259.7
BOB-1001-1115,Bobigny,48.914309,2.457174,0.502,14,2,1.15,2025-10-01T14:00,21.2,0.0,0.902,4,2.52,2.7,14.5,211.7
BOB-1001-1116,Bobigny,48.923144,2.45906,0.353,21,2,1.15,2025-10-01T21:00,19.6,0.0,0.975,2,0.88,0.99,14.7,153.8
VRY-1001-1117,Viry-Chatillon,48.652733,2.378373,0.448,21,2,1.0,2025-10-01T21:00,16.3,0.0,0.909,1,1.9,1.18,15.9,252.3
RSB-1001-1118,Roissy-en-Brie,48.796892,2.642996,0.447,12,2,1.1,2025-10-01T12:00,17.6,0.0,0.934,3,2.51,2.0,14.9,180.3
VLP-1001-1119,Villepinte,48.961276,2.531995,0.549,14,2,1.2,2025-10-01T14:00,14.9,0.0,0.912,2,1.09,0.81,10.1,248.7
VRY-1001-1120,Viry-Chatillon,48.675673,2.360153,0.437,14,2,1.0,2025-10-01T14:00,25.6,0.0,0.971,3,0.8,0.92,3.0,194.5
BOB-1001-1121,Bobigny,48.918391,2.452139,0.533,16,2,1.15,2025-10-01T16:00,21.7,0.0,0.935,5,1.98,1.73,7.3,197.4
MAL-1001-1122,Malakoff,48.832461,2.282958,0.349,13,2,1.05,2025-10-01T13:00,25.5,0.0,0.881,2,0.71,0.2,8.5,176.6
VLP-1001-1123,Villepinte,48.958369,2.560594,0.594,19,2,1.74,2025-10-01T19:00,16.3,0.0,0.895,4,3.34,2.75,16.0,160.8
MAL-1001-1124,Malakoff,48.825346,2.30133,0.555,11,2,1.05,2025-10-01T11:00,13.1,0.0,0.943,7,2.22,2.43,11.0,282.2
MAL-1001-1125,Malakoff,48.824094,2.291613,0.522,7,2,1.522,2025-10-01T07:00,20.5,0.0,0.97,2,3.99,3.77,15.5,177.4
BOB-1001-1126,Bobigny,48.909377,2.435189,0.741,10,2,1.15,2025-10-01T10:00,16.4,0.0,0.939,2,0.83,1.51,13.3,320.3
BOB-1001-1127,Bobigny,48.910788,2.463612,0.616,15,2,1.15,2025-10-01T15:00,28.7,0.0,0.938,2,1.88,1.13,16.2,255.1
RSB-1001-1128,Roissy-en-Brie,48.777225,2.65398,0.833,10,2,1.1,2025-10-01T10:00,15.6,0.0,0.903,6,0.54,0.6,13.1,381.1
VRY-1001-1129,Viry-Chatillon,48.681425,2.384351,0.426,13,2,1.0,2025-10-01T13:00,18.9,0.0,0.953,6,2.54,2.9,5.4,194.5
RSB-1001-1130,Roissy-en-Brie,48.7892,2.653698,0.511,15,2,1.1,2025-10-01T15:00,10.7,0.0,0.997,5,2.35,1.66,10.5,239.9
BOB-1001-1131,Bobigny,48.90477,2.459989,0.647,9,2,1.667,2025-10-01T09:00,21.1,0.0,0.888,5,2.53,2.54,19.1,194.4
VLP-1001-1132,Villepinte,48.95624,2.547234,0.476,18,2,1.74,2025-10-01T18:00,17.0,0.0,0.874,4,2.35,1.31,21.3,146.2
BOB-1001-1133,Bobigny,48.905779,2.460576,0.237,20,2,1.667,2025-10-01T20:00,21.2,6.15,0.994,6,2.54,2.06,13.5,103.6
VRY-1001-1134,Viry-Chatillon,48.670354,2.378512,0.321,22,2,1.0,2025-10-01T22:00,20.2,0.0,0.968,6,1.36,1.07,12.0,182.8
VLP-1001-1135,Villepinte,48.969301,2.553331,0.746,9,2,1.74,2025-10-01T09:00,18.3,0.0,0.868,6,3.08,2.84,14.6,200.1
VLP-1001-1136,Villepinte,48.952793,2.545436,0.573,19,2,1.74,2025-10-01T19:00,10.8,0.0,0.968,10,2.0,1.97,18.0,167.1
VLP-1001-1137,Villepinte,48.976453,2.529707,0.739,10,2,1.2,2025-10-01T10:00,18.5,0.0,0.948,8,1.33,1.52,17.2,303.5
VLP-1001-1138,Villepinte,48.970223,2.554846,0.702,18,2,1.74,2025-10-01T18:00,22.5,0.0,0.992,8,2.65,3.1,19.6,219.5
VLP-1001-1139,Villepinte,48.973993,2.554651,0.604,16,2,1.2,2025-10-01T16:00,18.5,0.0,0.931,6,2.4,1.22,8.4,263.7
MAL-1001-1140,Malakoff,48.808869,2.308956,0.517,20,2,1.522,2025-10-01T20:00,25.9,0.87,0.983,6,2.9,3.24,16.3,159.3
MAL-1001-1141,Malakoff,48.810811,2.310723,0.307,18,2,1.522,2025-10-01T18:00,18.0,0.0,0.962,4,2.09,2.68,10.5,107.6
RSB-1001-1142,Roissy-en-Brie,48.795303,2.66494,0.434,10,2,1.1,2025-10-01T10:00,20.9,3.08,0.867,1,1.59,1.51,6.1,183.6
VLP-1001-1143,Villepinte,48.971465,2.54174,0.472,22,2,1.2,2025-10-01T22:00,19.4,0.0,0.867,6,1.84,1.97,16.0,220.2
RSB-1001-1144,Roissy-en-Brie,48.782018,2.655284,0.583,9,2,1.595,2025-10-01T09:00,19.3,0.0,0.931,0,1.76,1.91,17.0,177.7
BOB-1001-1145,Bobigny,48.923524,2.467577,0.561,17,2,1.667,2025-10-01T17:00,20.2,0.59,0.971,5,2.34,1.81,20.9,173.1
RSB-1001-1146,Roissy-en-Brie,48.79298,2.652262,0.439,9,2,1.595,2025-10-01T09:00,7.0,0.0,0.877,3,2.24,2.44,17.0,116.7
VLP-1001-1147,Villepinte,48.96057,2.553791,0.589,7,2,1.74,2025-10-01T07:00,17.5,0.0,0.977,6,2.4,1.88,18.8,204.2
VRY-1001-1148,Viry-Chatillon,48.657807,2.387453,0.475,7,2,1.45,2025-10-01T07:00,20.6,0.0,0.861,4,2.42,2.34,23.1,162.7
VRY-1001-1149,Viry-Chatillon,48.658541,2.387668,0.547,9,2,1.45,2025-10-01T09:00,22.2,0.0,0.891,2,2.45,3.39,7.0,190.9
VRY-1001-1150,Viry-Chatillon,48.683716,2.382283,0.503,6,2,1.0,2025-10-01T06:00,16.5,0.0,0.898,1,2.94,2.95,3.0,266.1
VRY-1001-1151,Viry-Chatillon,48.659907,2.365649,0.744,20,2,1.45,2025-10-01T20:00,19.7,0.0,0.963,4,1.57,2.3,11.8,265.3
MAL-1001-1152,Malakoff,48.817466,2.299403,0.339,22,2,1.05,2025-10-01T22:00,20.7,0.0,0.929,4,0.94,0.94,3.0,165.1
VLP-1001-1153,Villepinte,48.962916,2.536645,0.44,6,2,1.2,2025-10-01T06:00,13.6,0.0,0.878,3,1.77,0.87,15.4,163.6
VRY-1001-1154,Viry-Chatillon,48.663391,2.359406,0.412,12,2,1.0,2025-10-01T12:00,24.4,0.0,0.977,1,1.77,1.57,7.0,191.8
MAL-1001-1155,Malakoff,48.829502,2.307426,0.753,18,2,1.522,2025-10-01T18:00,14.5,0.0,0.937,4,1.85,1.64,14.7,270.0
RSB-1001-1156,Roissy-en-Brie,48.776502,2.633267,0.465,10,2,1.1,2025-10-01T10:00,18.5,0.0,0.909,3,1.56,0.58,18.0,221.1
BOB-1001-1157,Bobigny,48.912695,2.456504,0.446,17,2,1.667,2025-10-01T17:00,17.6,0.0,0.981,3,1.95,2.65,19.7,146.4
VRY-1001-1158,Viry-Chatillon,48.661155,2.399254,0.402,11,2,1.0,2025-10-01T11:00,18.9,0.0,0.907,2,1.23,0.52,7.9,183.2
MAL-1001-1159,Malakoff,48.812035,2.322025,0.394,17,2,1.522,2025-10-01T17:00,15.6,0.0,0.929,6,2.47,2.89,11.9,131.9
BOB-1001-1160,Bobigny,48.911674,2.451816,0.628,19,2,1.667,2025-10-01T19:00,17.9,0.0,0.914,3,2.72,2.98,24.0,210.8
MAL-1001-1161,Malakoff,48.806791,2.313973,0.8,11,2,1.05,2025-10-01T11:00,23.3,0.0,0.896,6,1.01,0.32,9.7,376.0
VLP-1001-1162,Villepinte,48.981303,2.540222,0.533,17,2,1.74,2025-10-01T17:00,11.3,0.0,0.879,4,2.38,2.71,16.5,126.1
MAL-1001-1163,Malakoff,48.814945,2.28735,0.698,19,2,1.522,2025-10-01T19:00,18.1,0.0,0.883,0,2.11,1.36,12.0,216.6
MAL-1001-1164,Malakoff,48.82416,2.297222,0.714,11,2,1.05,2025-10-01T11:00,14.8,0.0,0.933,6,1.02,0.78,9.3,347.6
VRY-1001-1165,Viry-Chatillon,48.670726,2.37205,0.478,10,2,1.0,2025-10-01T10:00,18.8,0.0,0.928,1,0.55,0.41,6.8,234.7
RSB-1001-1166,Roissy-en-Brie,48.779959,2.647865,0.473,19,2,1.595,2025-10-01T19:00,16.2,0.0,0.967,2,3.28,2.6,17.8,188.3
BOB-1001-1167,Bobigny,48.899676,2.439904,0.362,16,2,1.15,2025-10-01T16:00,17.9,0.14,0.998,2,0.83,1.73,7.7,179.0
RSB-1001-1168,Roissy-en-Brie,48.790155,2.659815,0.531,9,2,1.595,2025-10-01T09:00,12.1,0.0,0.861,8,4.32,4.63,21.1,175.9
RSB-1001-1169,Roissy-en-Brie,48.784492,2.669159,0.276,17,2,1.595,2025-10-01T17:00,21.2,0.0,0.931,6,4.22,4.37,11.6,126.7
RSB-1001-1170,Roissy-en-Brie,48.806083,2.648847,0.314,12,2,1.1,2025-10-01T12:00,13.6,0.0,0.902,5,1.45,0.54,6.8,159.9
VRY-1001-1171,Viry-Chatillon,48.674901,2.392131,0.423,17,2,1.45,2025-10-01T17:00,17.0,0.0,0.954,3,2.74,2.92,17.7,138.3
RSB-1001-1172,Roissy-en-Brie,48.79581,2.646137,0.62,22,2,1.1,2025-10-01T22:00,18.1,0.0,0.917,4,2.05,1.73,13.6,275.5
BOB-1001-1173,Bobigny,48.910645,2.435007,0.728,18,2,1.667,2025-10-01T18:00,8.6,0.0,0.963,6,4.15,4.26,16.6,216.9
VLP-1001-1174,Villepinte,48.972743,2.537719,0.235,20,2,1.74,2025-10-01T20:00,14.2,0.0,0.872,3,2.58,2.69,22.6,67.0
RSB-1001-1175,Roissy-en-Brie,48.776573,2.636179,0.533,10,2,1.1,2025-10-01T10:00,9.0,0.0,0.935,4,2.81,3.34,7.7,262.8
BOB-1001-1176,Bobigny,48.921084,2.462607,0.1,14,2,1.15,2025-10-01T14:00,24.3,0.0,0.991,2,2.5,2.92,7.9,29.1
RSB-1001-1177,Roissy-en-Brie,48.790757,2.638425,0.707,13,2,1.1,2025-10-01T13:00,10.0,0.0,0.873,3,1.19,1.49,8.4,315.3
BOB-1001-1178,Bobigny,48.912645,2.461378,0.456,6,2,1.15,2025-10-01T06:00,18.9,0.0,0.884,3,1.72,0.55,7.4,157.4
VLP-1001-1179,Villepinte,48.977347,2.554333,0.533,17,2,1.74,2025-10-01T17:00,21.1,0.0,0.914,12,3.02,3.71,19.2,142.1
VRY-1001-1180,Viry-Chatillon,48.671188,2.403229,0.406,8,2,1.45,2025-10-01T08:00,16.8,0.0,0.88,6,2.29,2.37,14.5,165.0
MAL-1001-1181,Malakoff,48.81891,2.311321,0.441,13,2,1.05,2025-10-01T13:00,18.6,0.0,0.941,1,1.87,2.51,11.0,213.7
BOB-1001-1182,Bobigny,48.897869,2.441808,0.637,14,2,1.15,2025-10-01T14:00,15.4,0.0,0.918,1,1.56,1.06,9.3,266.8
MAL-1001-1183,Malakoff,48.802019,2.295274,0.59,15,2,1.05,2025-10-01T15:00,21.6,0.0,0.877,6,1.49,1.5,10.0,301.6
VLP-1001-1184,Villepinte,48.975811,2.530603,0.556,21,2,1.2,2025-10-01T21:00,18.5,0.0,0.873,3,1.13,1.54,12.0,180.7
VLP-1001-1185,Villepinte,48.962689,2.549285,0.395,14,2,1.2,2025-10-01T14:00,19.8,0.0,0.923,4,1.28,1.52,12.8,167.7
BOB-1001-1186,Bobigny,48.908518,2.444382,0.522,20,2,1.667,2025-10-01T20:00,16.0,0.0,0.973,5,2.6,3.29,15.8,152.8
VLP-1001-1187,Villepinte,48.972291,2.565343,0.507,15,2,1.2,2025-10-01T15:00,19.7,4.15,0.976,4,3.53,3.53,13.1,204.8
VRY-1001-1188,Viry-Chatillon,48.696967,2.37142,0.626,14,2,1.0,2025-10-01T14:00,14.9,2.7,0.921,2,2.51,3.51,12.0,302.4
BOB-1001-1189,Bobigny,48.923986,2.452576,0.598,6,2,1.15,2025-10-01T06:00,15.4,0.0,0.984,1,1.34,1.83,10.6,281.2
VLP-1001-1190,Villepinte,48.946784,2.556674,0.596,15,2,1.2,2025-10-01T15:00,24.0,0.0,0.955,5,2.52,1.93,16.7,256.8
VLP-1001-1191,Villepinte,48.975276,2.54997,0.565,6,2,1.2,2025-10-01T06:00,25.6,0.0,0.955,10,0.86,0.2,10.8,225.9
BOB-1001-1192,Bobigny,48.911919,2.437772,0.685,17,2,1.667,2025-10-01T17:00,10.2,0.0,0.943,4,3.78,3.6,18.5,220.7
MAL-1001-1193,Malakoff,48.81887,2.298115,0.523,21,2,1.05,2025-10-01T21:00,11.1,0.0,0.991,1,2.0,2.15,8.1,250.2
BOB-1001-1194,Bobigny,48.899562,2.458026,0.337,18,2,1.667,2025-10-01T18:00,12.6,0.0,0.863,6,2.67,3.34,16.4,102.2
RSB-1001-1195,Roissy-en-Brie,48.791161,2.663115,0.569,16,2,1.1,2025-10-01T16:00,16.2,0.0,0.986,4,1.67,2.71,10.4,263.7
VRY-1001-1196,Viry-Chatillon,48.675582,2.372639,0.601,9,2,1.45,2025-10-01T09:00,16.4,0.0,0.955,8,1.68,1.62,14.5,202.0
RSB-1001-1197,Roissy-en-Brie,48.773702,2.671717,0.803,18,2,1.595,2025-10-01T18:00,27.5,1.15,0.937,2,2.36,2.48,12.6,247.0
RSB-1001-1198,Roissy-en-Brie,48.788563,2.687956,0.573,18,2,1.595,2025-10-01T18:00,16.2,0.0,0.996,4,2.08,2.85,22.6,166.1
VLP-1001-1199,Villepinte,48.973693,2.55474,0.682,16,2,1.2,2025-10-01T16:00,23.1,0.0,0.925,1,2.27,3.09,5.9,294.1
VLP-1001-1200,Villepinte,48.968147,2.550849,0.719,13,2,1.2,2025-10-01T13:00,10.1,0.0,0.886,3,2.95,2.99,12.3,298.1
MAL-1001-1201,Malakoff,48.805724,2.296464,0.489,13,2,1.05,2025-10-01T13:00,19.1,0.0,0.972,1,1.55,1.38,5.2,190.7
RSB-1001-1202,Roissy-en-Brie,48.783843,2.642065,0.323,16,2,1.1,2025-10-01T16:00,13.8,0.0,0.901,2,2.26,2.34,12.0,155.8
VRY-1001-1203,Viry-Chatillon,48.663156,2.401329,0.461,6,2,1.0,2025-10-01T06:00,20.5,0.0,0.971,1,1.84,1.32,7.3,240.3
VRY-1001-1204,Viry-Chatillon,48.679046,2.389969,0.414,19,2,1.45,2025-10-01T19:00,21.5,0.0,0.938,2,2.94,2.79,15.1,151.1
MAL-1001-1205,Malakoff,48.814813,2.316329,0.581,15,2,1.05,2025-10-01T15:00,19.2,0.0,0.923,4,1.95,2.48,9.1,301.3
VRY-1001-1206,Viry-Chatillon,48.666388,2.35767,0.289,9,2,1.45,2025-10-01T09:00,17.2,0.0,0.99,6,1.75,2.09,10.9,74.6
VLP-1001-1207,Villepinte,48.977406,2.577857,0.671,21,2,1.2,2025-10-01T21:00,19.2,0.0,0.981,5,1.7,0.41,21.1,287.9
MAL-1001-1208,Malakoff,48.826556,2.305714,0.1,7,2,1.522,2025-10-01T07:00,16.7,0.0,0.873,6,2.01,2.45,16.3,29.0
MAL-1001-1209,Malakoff,48.830021,2.308351,0.589,12,2,1.05,2025-10-01T12:00,15.2,5.15,0.985,6,1.47,0.75,10.9,296.6
RSB-1001-1210,Roissy-en-Brie,48.776067,2.645534,0.691,8,2,1.595,2025-10-01T08:00,16.9,0.0,0.989,10,3.54,4.35,14.1,192.6
RSB-1001-1211,Roissy-en-Brie,48.793762,2.651423,0.458,9,2,1.595,2025-10-01T09:00,13.2,0.0,0.894,2,3.47,2.59,14.4,97.3
VLP-1001-1212,Villepinte,48.966652,2.547822,0.683,12,2,1.2,2025-10-01T12:00,5.4,0.0,0.914,4,1.96,0.67,16.3,279.2
VLP-1001-1213,Villepinte,48.973403,2.551754,0.444,6,2,1.2,2025-10-01T06:00,17.0,0.0,0.915,5,1.34,0.61,11.5,176.0
BOB-1001-1214,Bobigny,48.910917,2.461451,0.485,17,2,1.667,2025-10-01T17:00,15.6,0.0,0.868,6,2.28,1.68,22.5,135.1
RSB-1001-1215,Roissy-en-Brie,48.785163,2.653014,0.505,20,2,1.595,2025-10-01T20:00,16.9,0.0,0.908,4,2.67,2.31,15.0,168.0
RSB-1001-1216,Roissy-en-Brie,48.782028,2.651496,0.61,11,2,1.1,2025-10-01T11:00,21.7,1.7,0.893,2,0.3,0.2,11.2,274.7
VRY-1001-1217,Viry-Chatillon,48.682176,2.382497,0.292,10,2,1.0,2025-10-01T10:00,13.8,0.0,0.889,7,1.86,2.45,8.3,119.4
VLP-1001-1218,Villepinte,48.971932,2.549654,0.312,15,2,1.2,2025-10-01T15:00,13.9,0.0,0.96,4,1.33,1.2,12.5,118.6
BOB-1001-1219,Bobigny,48.910946,2.443139,0.551,14,2,1.15,2025-10-01T14:00,13.5,0.0,0.937,7,2.26,2.52,8.5,215.1
BOB-1001-1220,Bobigny,48.895495,2.456465,0.608,7,2,1.667,2025-10-01T07:00,10.8,0.0,0.948,7,2.62,1.97,19.8,171.6
VRY-1001-1221,Viry-Chatillon,48.658964,2.377685,0.202,10,2,1.0,2025-10-01T10:00,14.8,0.49,0.889,3,1.79,1.43,8.2,97.6
VRY-1001-1222,Viry-Chatillon,48.678716,2.37759,0.469,9,2,1.45,2025-10-01T09:00,21.1,0.0,0.889,3,2.6,3.26,21.6,183.5
VLP-1001-1223,Villepinte,48.965827,2.533024,0.597,16,2,1.2,2025-10-01T16:00,18.6,0.0,0.94,1,2.95,3.3,11.7,256.3
RSB-1001-1224,Roissy-en-Brie,48.775984,2.64883,0.391,8,2,1.595,2025-10-01T08:00,25.2,0.0,0.881,0,2.68,3.2,17.1,102.5
RSB-1001-1225,Roissy-en-Brie,48.786737,2.670683,0.586,11,2,1.1,2025-10-01T11:00,17.6,0.0,0.987,2,1.55,1.42,9.3,277.3
BOB-1001-1226,Bobigny,48.919719,2.469166,0.429,19,2,1.667,2025-10-01T19:00,20.0,0.0,0.878,2,1.72,2.19,11.3,112.4
VLP-1001-1227,Villepinte,48.956511,2.554434,0.643,13,2,1.2,2025-10-01T13:00,15.6,0.0,0.999,0,0.95,0.61,15.7,274.4
BOB-1001-1228,Bobigny,48.91648,2.462466,0.828,16,2,1.15,2025-10-01T16:00,19.3,0.0,0.874,2,0.74,0.59,11.1,370.7
VLP-1001-1229,Villepinte,48.965949,2.552318,0.243,16,2,1.2,2025-10-01T16:00,10.3,0.0,0.943,4,2.19,1.48,12.7,99.3
BOB-1001-1230,Bobigny,48.914729,2.48601,0.369,18,2,1.667,2025-10-01T18:00,20.2,0.0,0.936,5,2.06,2.99,18.7,125.3
BOB-1001-1231,Bobigny,48.901947,2.463106,0.379,17,2,1.667,2025-10-01T17:00,13.2,0.0,0.982,4,4.23,4.14,13.2,137.5
VRY-1001-1232,Viry-Chatillon,48.675229,2.395292,0.672,7,2,1.45,2025-10-01T07:00,16.2,0.0,0.933,6,2.61,2.4,9.6,239.7
MAL-1001-1233,Malakoff,48.814792,2.319312,0.338,10,2,1.05,2025-10-01T10:00,19.1,0.0,0.986,2,2.19,2.23,10.2,176.2
RSB-1001-1234,Roissy-en-Brie,48.803465,2.648765,0.321,9,2,1.595,2025-10-01T09:00,21.4,0.0,0.96,2,1.32,2.1,12.4,105.1
RSB-1001-1235,Roissy-en-Brie,48.788546,2.6706,0.564,20,2,1.595,2025-10-01T20:00,18.0,0.0,0.871,6,1.38,0.58,23.2,158.2
BOB-1001-1236,Bobigny,48.894258,2.449288,0.559,9,2,1.667,2025-10-01T09:00,15.2,0.0,0.918,4,2.51,2.61,19.5,155.9
RSB-1001-1237,Roissy-en-Brie,48.788058,2.633876,0.536,16,2,1.1,2025-10-01T16:00,16.4,0.0,0.874,4,3.27,3.13,12.5,246.0
MAL-1001-1238,Malakoff,48.822402,2.338319,0.282,13,2,1.05,2025-10-01T13:00,15.0,0.0,0.987,0,1.1,1.43,12.3,148.6
VRY-1001-1239,Viry-Chatillon,48.676191,2.380105,0.409,22,2,1.0,2025-10-01T22:00,22.8,0.0,0.959,4,2.37,2.53,10.2,180.1
BOB-1001-1240,Bobigny,48.914364,2.446797,0.44,20,2,1.667,2025-10-01T20:00,13.4,0.0,0.95,4,2.79,1.83,16.9,122.9
BOB-1001-1241,Bobigny,48.92305,2.464507,0.553,7,2,1.667,2025-10-01T07:00,15.9,0.0,0.979,5,3.82,2.92,20.4,165.6
MAL-1001-1242,Malakoff,48.816944,2.299366,0.264,20,2,1.522,2025-10-01T20:00,16.3,0.0,0.98,11,3.68,4.03,13.8,106.9
VRY-1001-1243,Viry-Chatillon,48.68059,2.37113,0.422,15,2,1.0,2025-10-01T15:00,13.8,0.0,0.993,5,2.59,2.01,11.1,239.9
BOB-1001-1244,Bobigny,48.88638,2.465055,0.591,16,2,1.15,2025-10-01T16:00,20.1,0.0,0.929,1,1.55,1.99,7.6,275.7
VRY-1001-1245,Viry-Chatillon,48.657725,2.360911,0.353,16,2,1.0,2025-10-01T16:00,18.4,0.0,0.897,2,1.48,1.63,8.3,180.2
VLP-1001-1246,Villepinte,48.964262,2.54077,0.218,14,2,1.2,2025-10-01T14:00,21.6,0.0,0.926,2,1.93,2.09,13.6,124.2
VRY-1001-1247,Viry-Chatillon,48.676278,2.392714,0.38,6,2,1.0,2025-10-01T06:00,17.2,0.0,0.912,2,1.08,1.43,13.2,173.2
MAL-1001-1248,Malakoff,48.812923,2.272873,0.422,9,2,1.522,2025-10-01T09:00,21.7,0.0,0.864,4,3.69,4.46,7.9,126.5
VRY-1001-1249,Viry-Chatillon,48.666388,2.377785,0.389,14,2,1.0,2025-10-01T14:00,16.3,0.0,0.919,2,1.9,2.87,3.0,180.1
VLP-1001-1250,Villepinte,48.962564,2.56832,0.738,12,2,1.2,2025-10-01T12:00,16.2,0.76,0.923,3,3.17,3.66,10.0,307.0
BOB-1001-1251,Bobigny,48.922758,2.427204,0.316,10,2,1.15,2025-10-01T10:00,17.7,0.0,0.927,4,1.29,1.89,15.7,137.8
BOB-1001-1252,Bobigny,48.907038,2.430916,0.367,22,2,1.15,2025-10-01T22:00,15.8,0.0,0.978,4,1.04,0.23,16.9,165.0
VLP-1001-1253,Villepinte,48.983539,2.532998,0.309,14,2,1.2,2025-10-01T14:00,17.4,0.0,0.881,3,1.91,2.92,12.5,144.9
VLP-1001-1254,Villepinte,48.96867,2.567527,0.542,20,2,1.74,2025-10-01T20:00,20.6,0.0,0.992,4,3.22,3.14,21.8,130.3
VRY-1001-1255,Viry-Chatillon,48.668305,2.385115,0.227,8,2,1.45,2025-10-01T08:00,22.6,0.0,0.866,5,2.57,3.97,18.9,66.8
BOB-1001-1256,Bobigny,48.908147,2.448263,0.38,15,2,1.15,2025-10-01T15:00,22.9,2.25,0.893,2,1.54,1.28,9.3,166.5
RSB-1001-1257,Roissy-en-Brie,48.784413,2.641306,0.712,14,2,1.1,2025-10-01T14:00,16.0,0.0,0.921,4,2.4,0.8,13.8,332.8
RSB-1001-1258,Roissy-en-Brie,48.791984,2.656428,0.439,12,2,1.1,2025-10-01T12:00,15.7,0.0,0.927,3,2.14,1.63,5.2,166.4
BOB-1001-1259,Bobigny,48.917907,2.426574,0.706,7,2,1.667,2025-10-01T07:00,16.7,0.0,0.937,3,3.07,3.4,17.4,226.8
BOB-1001-1260,Bobigny,48.897735,2.448256,0.383,20,2,1.667,2025-10-01T20:00,18.7,0.0,0.915,10,2.56,3.22,16.4,114.1
VRY-1001-1261,Viry-Chatillon,48.675518,2.360301,0.631,13,2,1.0,2025-10-01T13:00,8.4,1.51,0.904,3,1.73,1.23,8.3,295.4
VRY-1001-1262,Viry-Chatillon,48.655678,2.366026,0.474,15,2,1.0,2025-10-01T15:00,21.7,0.0,0.986,2,2.37,2.35,5.6,233.9
BOB-1001-1263,Bobigny,48.889262,2.435774,0.928,21,2,1.15,2025-10-01T21:00,14.0,0.0,0.923,7,0.69,1.16,6.2,405.3
VLP-1001-1264,Villepinte,48.985192,2.570193,0.1,13,2,1.2,2025-10-01T13:00,19.8,0.0,0.861,3,2.41,2.97,14.0,59.6
VRY-1001-1265,Viry-Chatillon,48.670989,2.378531,0.1,10,2,1.0,2025-10-01T10:00,15.0,0.0,0.899,4,1.5,0.8,13.9,46.9
BOB-1001-1266,Bobigny,48.905698,2.463315,0.652,15,2,1.15,2025-10-01T15:00,15.8,0.0,0.98,2,2.82,2.71,16.0,290.8
MAL-1001-1267,Malakoff,48.83304,2.310111,0.621,10,2,1.05,2025-10-01T10:00,17.9,1.04,0.909,5,1.71,2.62,14.2,311.7
VLP-1001-1268,Villepinte,48.9699,2.540054,0.415,13,2,1.2,2025-10-01T13:00,18.3,0.0,0.968,5,2.47,2.46,11.8,170.5
RSB-1001-1269,Roissy-en-Brie,48.789773,2.661661,0.378,17,2,1.595,2025-10-01T17:00,19.8,0.0,0.974,5,3.84,3.96,17.6,155.5
VRY-1001-1270,Viry-Chatillon,48.670233,2.376985,0.408,19,2,1.45,2025-10-01T19:00,12.9,0.0,0.956,1,2.18,1.66,14.7,159.1
VRY-1001-1271,Viry-Chatillon,48.678922,2.372147,0.671,7,2,1.45,2025-10-01T07:00,14.6,1.58,0.961,7,2.72,2.41,15.2,212.0
VRY-1001-1272,Viry-Chatillon,48.672872,2.377019,0.429,9,2,1.45,2025-10-01T09:00,14.7,0.0,0.936,1,3.03,2.62,14.3,153.5
MAL-1001-1273,Malakoff,48.822306,2.28799,0.62,6,2,1.05,2025-10-01T06:00,14.3,0.0,0.949,4,1.8,1.47,16.2,321.5
MAL-1001-1274,Malakoff,48.803549,2.29913,0.666,11,2,1.05,2025-10-01T11:00,18.4,0.0,0.928,3,2.49,1.84,7.6,291.2
MAL-1001-1275,Malakoff,48.828287,2.305487,0.461,18,2,1.522,2025-10-01T18:00,18.9,0.0,0.961,4,0.86,1.28,15.1,164.7
VLP-1001-1276,Villepinte,48.973433,2.54823,0.592,21,2,1.2,2025-10-01T21:00,11.5,0.0,0.93,2,2.65,2.37,15.2,235.4
MAL-1001-1277,Malakoff,48.82357,2.295313,0.434,12,2,1.05,2025-10-01T12:00,16.8,4.02,0.968,3,0.77,1.43,11.5,212.6
MAL-1001-1278,Malakoff,48.824257,2.28712,0.723,20,2,1.522,2025-10-01T20:00,18.8,0.0,0.89,7,2.96,3.09,18.6,228.5
VLP-1001-1279,Villepinte,48.979136,2.527511,0.366,6,2,1.2,2025-10-01T06:00,14.6,0.0,0.862,5,1.22,0.85,10.1,156.8
VRY-1001-1280,Viry-Chatillon,48.674287,2.378869,0.634,19,2,1.45,2025-10-01T19:00,18.1,0.0,0.898,1,2.57,2.35,16.5,216.4
VRY-1001-1281,Viry-Chatillon,48.668016,2.368264,0.582,22,2,1.0,2025-10-01T22:00,11.8,0.0,0.898,2,1.51,1.19,14.0,284.4
VRY-1001-1282,Viry-Chatillon,48.655532,2.377446,0.399,14,2,1.0,2025-10-01T14:00,16.2,0.0,0.921,4,1.12,2.43,9.6,172.6
MAL-1001-1283,Malakoff,48.814657,2.302574,0.487,13,2,1.05,2025-10-01T13:00,16.7,0.0,0.967,0,1.34,2.32,14.6,228.6
VRY-1001-1284,Viry-Chatillon,48.671437,2.380105,0.484,13,2,1.0,2025-10-01T13:00,18.7,0.0,0.974,3,2.39,1.86,8.9,233.1
VLP-1001-1285,Villepinte,48.948317,2.53698,0.417,21,2,1.2,2025-10-01T21:00,17.7,0.0,0.905,3,2.02,1.91,12.0,172.9
VLP-1001-1286,Villepinte,48.962716,2.551858,0.513,22,2,1.2,2025-10-01T22:00,19.8,1.39,0.906,4,2.5,3.1,11.6,193.1
RSB-1001-1287,Roissy-en-Brie,48.763947,2.620169,0.505,21,2,1.1,2025-10-01T21:00,19.0,0.0,0.961,6,0.77,0.2,14.5,264.0
BOB-1001-1288,Bobigny,48.902496,2.437034,0.735,19,2,1.667,2025-10-01T19:00,16.6,0.0,0.977,7,3.11,3.88,21.5,211.2
VRY-1001-1289,Viry-Chatillon,48.663702,2.393306,0.476,7,2,1.45,2025-10-01T07:00,16.9,0.0,0.902,6,3.11,2.64,15.0,197.2
VRY-1001-1290,Viry-Chatillon,48.661849,2.385827,0.793,12,2,1.0,2025-10-01T12:00,11.7,0.0,0.997,2,2.71,3.58,4.0,347.1
RSB-1001-1291,Roissy-en-Brie,48.780127,2.653531,0.624,14,2,1.1,2025-10-01T14:00,19.0,0.0,0.871,3,1.49,1.27,14.0,284.9
VLP-1001-1292,Villepinte,48.971184,2.540471,0.386,8,2,1.74,2025-10-01T08:00,10.5,0.0,0.868,7,2.77,3.55,17.4,87.7
VRY-1001-1293,Viry-Chatillon,48.669073,2.38245,0.614,16,2,1.0,2025-10-01T16:00,25.8,0.0,0.96,3,2.03,1.49,10.1,338.9
VRY-1001-1294,Viry-Chatillon,48.681393,2.380807,0.585,11,2,1.0,2025-10-01T11:00,18.5,0.0,0.897,1,1.38,0.93,13.3,307.5
VLP-1001-1295,Villepinte,48.966495,2.539449,0.296,20,2,1.74,2025-10-01T20:00,14.5,0.0,0.906,5,3.26,3.28,21.1,81.8
BOB-1001-1296,Bobigny,48.921984,2.438925,0.869,10,2,1.15,2025-10-01T10:00,18.0,0.0,0.902,2,1.84,1.58,7.3,357.9
BOB-1001-1297,Bobigny,48.911948,2.464642,0.723,20,2,1.667,2025-10-01T20:00,19.8,0.0,0.962,3,2.32,1.92,22.7,251.0
MAL-1001-1298,Malakoff,48.840417,2.309994,0.488,21,2,1.05,2025-10-01T21:00,21.5,0.0,0.966,2,2.48,1.54,9.2,237.6
MAL-1001-1299,Malakoff,48.830866,2.29715,0.338,15,2,1.05,2025-10-01T15:00,18.5,0.0,0.969,1,2.91,3.23,9.0,183.6
BOB-1001-1300,Bobigny,48.914773,2.427139,0.728,9,2,1.667,2025-10-01T09:00,19.9,0.0,0.948,6,2.3,2.14,15.1,199.2
RSB-1001-1301,Roissy-en-Brie,48.791978,2.650501,0.238,18,2,1.595,2025-10-01T18:00,15.4,0.0,0.99,5,1.75,1.61,14.6,72.6
MAL-1001-1302,Malakoff,48.820825,2.310765,0.402,8,2,1.522,2025-10-01T08:00,15.1,0.0,0.875,5,2.16,2.66,15.0,128.5
VRY-1001-1303,Viry-Chatillon,48.667098,2.353033,0.842,15,2,1.0,2025-10-01T15:00,21.9,0.0,0.863,2,0.93,0.98,14.8,388.6
VLP-1001-1304,Villepinte,48.967855,2.539578,0.713,19,2,1.74,2025-10-01T19:00,12.9,0.0,0.869,9,1.73,1.67,19.8,206.1
VLP-1001-1305,Villepinte,48.970784,2.524886,0.322,6,2,1.2,2025-10-01T06:00,14.9,0.0,0.995,2,3.26,3.33,16.6,121.6
RSB-1001-1306,Roissy-en-Brie,48.765684,2.630395,0.456,8,2,1.595,2025-10-01T08:00,17.1,0.0,0.959,8,3.05,3.51,19.2,138.1
BOB-1001-1307,Bobigny,48.90937,2.458396,0.421,21,2,1.15,2025-10-01T21:00,13.7,0.0,0.947,4,1.57,0.93,9.2,176.2
RSB-1001-1308,Roissy-en-Brie,48.796325,2.654372,0.501,8,2,1.595,2025-10-01T08:00,14.6,0.0,0.933,4,2.71,3.33,14.4,156.8
MAL-1001-1309,Malakoff,48.815963,2.309942,0.668,19,2,1.522,2025-10-01T19:00,17.8,1.82,0.861,3,2.75,3.51,14.6,222.0
VLP-1001-1310,Villepinte,48.961248,2.558176,0.495,9,2,1.74,2025-10-01T09:00,19.4,0.0,0.935,3,2.16,2.56,16.9,158.3
RSB-1001-1311,Roissy-en-Brie,48.787811,2.653402,0.424,16,2,1.1,2025-10-01T16:00,12.9,0.0,0.945,1,1.93,1.19,14.9,183.6
VLP-1001-1312,Villepinte,48.970679,2.560902,0.424,6,2,1.2,2025-10-01T06:00,17.7,0.0,0.895,3,1.77,2.5,11.0,186.6
BOB-1001-1313,Bobigny,48.910365,2.44656,0.334,16,2,1.15,2025-10-01T16:00,19.5,0.0,0.888,3,2.68,2.07,11.7,156.2
MAL-1001-1314,Malakoff,48.804925,2.288879,0.43,8,2,1.522,2025-10-01T08:00,17.2,0.0,0.935,2,2.34,1.75,9.4,141.2
VLP-1001-1315,Villepinte,48.975738,2.538381,0.532,11,2,1.2,2025-10-01T11:00,10.9,0.0,0.939,7,2.07,2.82,16.7,211.3
MAL-1001-1316,Malakoff,48.810668,2.284386,0.792,15,2,1.05,2025-10-01T15:00,14.2,0.0,0.92,2,0.73,1.35,5.9,381.3
VRY-1001-1317,Viry-Chatillon,48.670791,2.365299,0.597,17,2,1.45,2025-10-01T17:00,18.3,0.86,0.871,7,3.09,3.82,13.6,206.0
BOB-1001-1318,Bobigny,48.910631,2.459243,0.557,19,2,1.667,2025-10-01T19:00,20.5,0.0,0.873,1,2.14,2.26,19.5,179.3
BOB-1001-1319,Bobigny,48.907022,2.470235,0.692,14,2,1.15,2025-10-01T14:00,15.0,0.0,0.908,4,2.67,2.13,6.7,288.1
MAL-1001-1320,Malakoff,48.811537,2.303321,0.539,12,2,1.05,2025-10-01T12:00,18.1,0.0,0.863,5,0.78,1.05,8.8,256.1
RSB-1001-1321,Roissy-en-Brie,48.800038,2.633265,0.169,6,2,1.1,2025-10-01T06:00,19.0,0.0,0.868,2,1.76,1.39,16.6,58.4
VLP-1001-1322,Villepinte,48.968435,2.521282,0.348,13,2,1.2,2025-10-01T13:00,19.4,4.05,0.936,4,2.09,1.87,7.5,155.5
VRY-1001-1323,Viry-Chatillon,48.67548,2.372051,0.368,6,2,1.0,2025-10-01T06:00,17.8,0.0,0.943,2,2.93,3.15,9.9,162.0
BOB-1001-1324,Bobigny,48.927916,2.451025,0.535,20,2,1.667,2025-10-01T20:00,19.3,0.0,0.944,2,3.76,3.86,11.2,144.5
RSB-1001-1325,Roissy-en-Brie,48.793064,2.682357,0.567,22,2,1.1,2025-10-01T22:00,17.3,0.0,0.91,2,1.58,3.33,7.1,260.5
VRY-1001-1326,Viry-Chatillon,48.662276,2.350293,0.282,8,2,1.45,2025-10-01T08:00,18.1,1.53,0.902,4,3.47,5.03,12.2,93.1
VLP-1001-1327,Villepinte,48.965607,2.550419,0.895,14,2,1.2,2025-10-01T14:00,16.3,0.0,0.972,0,2.5,2.31,5.8,351.1
RSB-1001-1328,Roissy-en-Brie,48.788014,2.655122,0.573,10,2,1.1,2025-10-01T10:00,13.8,0.0,0.878,4,1.83,2.37,15.4,262.9
RSB-1001-1329,Roissy-en-Brie,48.780508,2.641607,0.711,15,2,1.1,2025-10-01T15:00,16.7,0.0,0.899,4,1.52,3.23,13.8,340.9
RSB-1001-1330,Roissy-en-Brie,48.785068,2.674933,0.492,21,2,1.1,2025-10-01T21:00,21.0,0.5,0.901,3,1.15,1.66,12.7,205.1
BOB-1001-1331,Bobigny,48.907249,2.452306,0.225,18,2,1.667,2025-10-01T18:00,16.3,0.0,0.96,7,2.7,2.71,11.2,64.1
MAL-1001-1332,Malakoff,48.83253,2.30856,0.606,19,2,1.522,2025-10-01T19:00,18.9,0.0,0.936,9,2.77,2.66,14.9,185.2
MAL-1001-1333,Malakoff,48.814632,2.307163,0.545,21,2,1.05,2025-10-01T21:00,12.6,0.0,0.862,2,1.52,1.08,10.0,248.5
VLP-1001-1334,Villepinte,48.957398,2.533396,0.527,16,2,1.2,2025-10-01T16:00,16.7,0.0,0.877,2,1.21,2.19,13.3,217.4
VRY-1001-1335,Viry-Chatillon,48.678376,2.369947,0.624,17,2,1.45,2025-10-01T17:00,13.4,0.0,0.889,4,3.2,3.48,14.9,255.1
MAL-1001-1336,Malakoff,48.820165,2.31083,0.449,14,2,1.05,2025-10-01T14:00,24.6,2.22,0.869,1,2.43,1.91,7.8,214.9
MAL-1001-1337,Malakoff,48.822969,2.298983,0.706,20,2,1.522,2025-10-01T20:00,17.4,0.0,0.87,2,3.44,4.08,18.1,226.4
VRY-1001-1338,Viry-Chatillon,48.677494,2.373419,0.599,9,2,1.45,2025-10-01T09:00,18.0,0.0,0.996,1,1.5,0.44,15.9,181.4
RSB-1001-1339,Roissy-en-Brie,48.787442,2.64701,0.462,15,2,1.1,2025-10-01T15:00,17.4,0.07,0.935,1,0.91,2.12,8.2,220.8
VRY-1001-1340,Viry-Chatillon,48.692707,2.374423,0.228,16,2,1.0,2025-10-01T16:00,14.2,0.0,0.951,0,1.34,1.78,9.6,159.6
RSB-1001-1341,Roissy-en-Brie,48.810296,2.65944,0.514,14,2,1.1,2025-10-01T14:00,12.3,0.0,0.994,5,2.07,2.03,12.9,258.9
BOB-1001-1342,Bobigny,48.908152,2.438272,0.503,21,2,1.15,2025-10-01T21:00,13.1,0.17,0.934,3,1.13,1.05,15.0,214.1
MAL-1001-1343,Malakoff,48.812723,2.297855,0.487,17,2,1.522,2025-10-01T17:00,19.5,0.0,0.965,5,3.26,2.94,13.2,172.2
VLP-1001-1344,Villepinte,48.9764,2.540623,0.276,16,2,1.2,2025-10-01T16:00,18.9,0.0,0.956,7,0.9,0.97,17.0,118.6
VLP-1001-1345,Villepinte,48.971518,2.563971,0.756,20,2,1.74,2025-10-01T20:00,16.1,0.0,0.876,3,3.16,3.21,15.0,199.6
VLP-1001-1346,Villepinte,48.966149,2.560349,0.343,9,2,1.74,2025-10-01T09:00,20.0,0.0,0.932,4,2.26,1.72,16.0,68.0
VRY-1001-1347,Viry-Chatillon,48.667593,2.365484,0.711,15,2,1.0,2025-10-01T15:00,14.9,0.58,0.909,1,1.65,2.11,11.5,334.9
VLP-1001-1348,Villepinte,48.965218,2.54557,0.583,11,2,1.2,2025-10-01T11:00,17.5,0.0,0.898,5,1.41,1.79,9.4,229.9
VRY-1001-1349,Viry-Chatillon,48.68992,2.369793,0.682,8,2,1.45,2025-10-01T08:00,20.2,0.0,0.907,3,2.35,1.73,14.0,272.4
VRY-1001-1350,Viry-Chatillon,48.669502,2.359563,0.506,6,2,1.0,2025-10-01T06:00,17.2,0.0,0.963,6,1.54,1.36,13.4,279.7
BOB-1001-1351,Bobigny,48.903607,2.46785,0.261,12,2,1.15,2025-10-01T12:00,13.4,0.0,0.987,6,2.04,1.87,10.0,110.5
RSB-1001-1352,Roissy-en-Brie,48.79893,2.645794,0.785,19,2,1.595,2025-10-01T19:00,20.4,0.05,0.974,1,2.39,2.1,17.6,246.9
VRY-1001-1353,Viry-Chatillon,48.65862,2.37005,0.381,18,2,1.45,2025-10-01T18:00,20.5,0.0,0.958,4,2.35,2.42,20.8,142.2
VRY-1001-1354,Viry-Chatillon,48.673794,2.37852,0.498,14,2,1.0,2025-10-01T14:00,27.3,0.0,0.973,4,2.45,2.95,12.7,221.9
MAL-1001-1355,Malakoff,48.8085,2.326464,0.64,6,2,1.05,2025-10-01T06:00,24.6,0.0,0.976,4,2.08,1.72,6.8,314.8
RSB-1001-1356,Roissy-en-Brie,48.782765,2.656602,0.226,12,2,1.1,2025-10-01T12:00,15.0,0.0,0.964,3,1.17,0.91,19.5,99.4
BOB-1001-1357,Bobigny,48.92382,2.456702,0.271,16,2,1.15,2025-10-01T16:00,27.2,0.0,0.882,4,1.61,1.23,19.4,102.5
VLP-1001-1358,Villepinte,48.962061,2.54382,0.777,20,2,1.74,2025-10-01T20:00,20.4,0.0,0.923,5,3.25,3.42,20.7,209.5
BOB-1001-1359,Bobigny,48.917764,2.44309,0.443,15,2,1.15,2025-10-01T15:00,12.2,0.0,0.867,2,1.53,0.84,12.7,166.0
RSB-1001-1360,Roissy-en-Brie,48.804609,2.644986,0.788,22,2,1.1,2025-10-01T22:00,24.5,0.0,0.971,4,0.9,1.13,14.0,355.1
VRY-1001-1361,Viry-Chatillon,48.673748,2.383634,0.462,15,2,1.0,2025-10-01T15:00,12.5,0.0,0.98,4,1.74,0.9,6.4,222.4
VLP-1001-1362,Villepinte,48.962406,2.531503,0.466,12,2,1.2,2025-10-01T12:00,14.7,0.0,0.923,6,1.27,1.01,12.5,186.2
RSB-1001-1363,Roissy-en-Brie,48.793389,2.660923,0.48,7,2,1.595,2025-10-01T07:00,20.0,0.0,0.983,3,2.22,1.68,22.0,152.9
VLP-1001-1364,Villepinte,48.979068,2.562189,0.419,6,2,1.2,2025-10-01T06:00,20.5,0.66,0.891,4,2.47,2.94,8.0,139.6
MAL-1001-1365,Malakoff,48.821491,2.299128,0.708,11,2,1.05,2025-10-01T11:00,18.8,6.05,0.941,1,1.66,2.43,10.7,314.7
VLP-1001-1366,Villepinte,48.97116,2.536278,0.469,11,2,1.2,2025-10-01T11:00,18.7,0.0,0.941,0,2.72,1.42,11.4,182.8
RSB-1001-1367,Roissy-en-Brie,48.8148,2.642739,0.464,9,2,1.595,2025-10-01T09:00,18.6,0.0,0.897,4,2.74,2.55,10.5,156.5
MAL-1001-1368,Malakoff,48.82146,2.288843,0.593,9,2,1.522,2025-10-01T09:00,17.4,0.0,0.975,5,1.26,0.65,19.9,176.8
BOB-1001-1369,Bobigny,48.911318,2.435395,0.605,16,2,1.15,2025-10-01T16:00,17.2,0.0,0.954,4,1.57,1.59,7.3,254.3
RSB-1001-1370,Roissy-en-Brie,48.791646,2.673075,0.294,10,2,1.1,2025-10-01T10:00,18.0,1.06,0.996,1,0.3,0.9,4.1,155.3
RSB-1001-1371,Roissy-en-Brie,48.805133,2.671168,0.57,15,2,1.1,2025-10-01T15:00,22.1,0.95,0.955,5,1.59,1.87,8.6,262.3
RSB-1001-1372,Roissy-en-Brie,48.780649,2.654426,0.629,8,2,1.595,2025-10-01T08:00,19.9,0.0,0.935,7,1.93,0.77,14.5,224.6
VRY-1001-1373,Viry-Chatillon,48.670683,2.381853,0.697,6,2,1.0,2025-10-01T06:00,23.8,0.0,0.896,2,1.49,1.67,17.5,366.0
VLP-1001-1374,Villepinte,48.967957,2.535858,0.437,6,2,1.2,2025-10-01T06:00,33.7,0.0,0.943,5,1.42,1.59,9.1,201.6
RSB-1001-1375,Roissy-en-Brie,48.792819,2.647195,0.46,13,2,1.1,2025-10-01T13:00,15.4,0.0,0.973,3,1.83,1.19,10.4,218.7
VRY-1001-1376,Viry-Chatillon,48.690671,2.374185,0.251,17,2,1.45,2025-10-01T17:00,21.0,0.0,0.912,1,1.35,1.4,14.3,80.5
BOB-1001-1377,Bobigny,48.909044,2.461443,0.605,12,2,1.15,2025-10-01T12:00,21.7,0.0,0.942,4,2.53,3.12,10.1,251.3
BOB-1001-1378,Bobigny,48.903547,2.446005,0.533,17,2,1.667,2025-10-01T17:00,20.4,0.77,0.934,4,1.99,1.73,15.3,139.3
VLP-1001-1379,Villepinte,48.960994,2.550623,0.38,11,2,1.2,2025-10-01T11:00,22.8,0.0,0.871,6,1.09,2.01,13.2,173.2
VRY-1001-1380,Viry-Chatillon,48.684903,2.389056,0.767,16,2,1.0,2025-10-01T16:00,19.7,3.73,0.973,4,1.06,1.51,9.2,377.8
RSB-1001-1381,Roissy-en-Brie,48.795592,2.654263,0.496,7,2,1.595,2025-10-01T07:00,21.9,0.0,0.924,9,2.15,2.66,15.9,177.6
RSB-1001-1382,Roissy-en-Brie,48.794492,2.651453,0.567,19,2,1.595,2025-10-01T19:00,18.6,0.0,0.876,3,1.88,1.57,17.5,161.2
VLP-1001-1383,Villepinte,48.967735,2.554662,0.754,22,2,1.2,2025-10-01T22:00,19.4,0.0,0.999,5,1.64,2.81,14.8,336.7
VLP-1001-1384,Villepinte,48.982098,2.553161,0.602,22,2,1.2,2025-10-01T22:00,18.1,0.0,0.903,8,3.18,3.15,10.0,256.0
RSB-1001-1385,Roissy-en-Brie,48.770629,2.647892,0.7,6,2,1.1,2025-10-01T06:00,18.0,0.0,0.945,3,1.01,2.76,5.4,332.9
MAL-1001-1386,Malakoff,48.820163,2.295108,0.519,9,2,1.522,2025-10-01T09:00,23.6,1.46,0.941,1,1.98,1.5,15.9,159.8
RSB-1001-1387,Roissy-en-Brie,48.800538,2.640095,0.447,21,2,1.1,2025-10-01T21:00,20.3,0.0,0.863,2,1.62,1.52,4.4,215.3
MAL-1001-1388,Malakoff,48.822147,2.293109,0.334,8,2,1.522,2025-10-01T08:00,17.2,0.0,0.881,9,2.51,3.21,9.8,87.5
BOB-1001-1389,Bobigny,48.90309,2.453457,0.549,9,2,1.667,2025-10-01T09:00,13.6,0.0,0.954,5,2.1,2.81,18.7,156.8
RSB-1001-1390,Roissy-en-Brie,48.796825,2.665073,0.799,6,2,1.1,2025-10-01T06:00,14.0,0.0,0.896,5,0.76,0.66,11.2,355.2
MAL-1001-1391,Malakoff,48.802088,2.290259,0.36,8,2,1.522,2025-10-01T08:00,24.0,0.0,0.892,3,2.52,2.67,11.7,115.0
BOB-1001-1392,Bobigny,48.906776,2.428661,0.459,13,2,1.15,2025-10-01T13:00,22.0,0.0,0.903,3,1.33,1.3,17.2,209.6
BOB-1001-1393,Bobigny,48.917218,2.441366,0.553,22,2,1.15,2025-10-01T22:00,14.4,4.86,0.876,4,1.52,0.39,12.1,235.7
MAL-1001-1394,Malakoff,48.841496,2.313426,0.792,20,2,1.522,2025-10-01T20:00,17.3,0.0,0.996,3,2.78,3.66,15.5,298.0
MAL-1001-1395,Malakoff,48.829834,2.302778,0.62,7,2,1.522,2025-10-01T07:00,24.1,0.0,0.911,4,1.68,1.62,18.1,234.0
BOB-1001-1396,Bobigny,48.908863,2.446302,0.557,17,2,1.667,2025-10-01T17:00,15.5,0.0,0.961,5,2.85,2.68,18.1,154.9
VLP-1001-1397,Villepinte,48.963249,2.551472,0.267,22,2,1.2,2025-10-01T22:00,19.2,0.0,0.925,0,2.43,1.8,17.2,116.5
RSB-1001-1398,Roissy-en-Brie,48.789598,2.640263,0.74,20,2,1.595,2025-10-01T20:00,11.4,0.0,0.941,9,3.22,2.32,12.4,237.4
VRY-1001-1399,Viry-Chatillon,48.673761,2.370248,0.225,6,2,1.0,2025-10-01T06:00,16.7,0.0,0.863,3,1.91,1.52,13.9,121.7
BOB-1001-1400,Bobigny,48.902655,2.449333,0.511,7,2,1.667,2025-10-01T07:00,13.2,0.0,0.962,6,1.99,1.78,21.8,142.6
MAL-1001-1401,Malakoff,48.828326,2.304799,0.541,15,2,1.05,2025-10-01T15:00,17.2,0.22,0.933,3,1.84,2.38,11.8,247.5
RSB-1001-1402,Roissy-en-Brie,48.800077,2.642278,0.306,17,2,1.595,2025-10-01T17:00,22.3,0.0,0.913,1,3.2,3.73,15.2,97.2
MAL-1001-1403,Malakoff,48.807616,2.304382,0.186,9,2,1.522,2025-10-01T09:00,11.9,0.0,0.865,3,1.4,1.3,16.6,63.2
VRY-1001-1404,Viry-Chatillon,48.671609,2.372295,0.323,7,2,1.45,2025-10-01T07:00,20.1,0.0,0.867,6,2.81,1.99,12.1,127.2
VRY-1001-1405,Viry-Chatillon,48.682815,2.381822,0.739,8,2,1.45,2025-10-01T08:00,28.8,1.37,0.987,5,2.88,3.21,19.9,262.2
RSB-1001-1406,Roissy-en-Brie,48.787084,2.664722,0.346,16,2,1.1,2025-10-01T16:00,19.1,0.0,0.951,3,1.73,1.79,8.4,142.2
VLP-1001-1407,Villepinte,48.974543,2.559773,0.46,7,2,1.74,2025-10-01T07:00,23.3,0.0,0.861,2,3.62,3.28,15.0,131.4
MAL-1001-1408,Malakoff,48.811662,2.308941,0.199,22,2,1.05,2025-10-01T22:00,19.1,0.0,0.874,3,1.53,1.51,9.9,90.2
MAL-1001-1409,Malakoff,48.792807,2.294375,0.38,8,2,1.522,2025-10-01T08:00,22.4,0.0,0.862,5,2.94,2.68,14.4,133.8
VRY-1001-1410,Viry-Chatillon,48.667233,2.380833,0.188,20,2,1.45,2025-10-01T20:00,15.0,0.0,0.992,4,3.08,2.33,12.7,102.7
VRY-1001-1411,Viry-Chatillon,48.667795,2.404687,0.394,21,2,1.0,2025-10-01T21:00,18.9,0.0,0.882,2,1.53,1.55,10.4,219.4
BOB-1001-1412,Bobigny,48.902084,2.437158,0.228,17,2,1.667,2025-10-01T17:00,12.9,0.0,0.903,5,3.25,3.42,19.2,65.1
VRY-1001-1413,Viry-Chatillon,48.667518,2.372066,0.415,20,2,1.45,2025-10-01T20:00,22.8,0.0,0.932,5,3.28,2.26,13.9,153.2
VRY-1001-1414,Viry-Chatillon,48.666077,2.369271,0.337,21,2,1.0,2025-10-01T21:00,15.5,0.0,0.905,2,2.35,2.45,9.6,136.2
MAL-1001-1415,Malakoff,48.81338,2.315516,0.487,9,2,1.522,2025-10-01T09:00,19.6,0.0,0.865,2,2.79,2.74,10.9,160.0
RSB-1001-1416,Roissy-en-Brie,48.800527,2.65463,0.74,10,2,1.1,2025-10-01T10:00,19.6,0.0,0.997,2,2.3,2.14,10.1,342.5
RSB-1001-1417,Roissy-en-Brie,48.77316,2.653182,0.758,18,2,1.595,2025-10-01T18:00,10.1,0.0,0.879,3,1.72,2.98,15.7,197.3
MAL-1001-1418,Malakoff,48.823562,2.296114,0.16,6,2,1.05,2025-10-01T06:00,16.0,0.0,0.974,6,1.56,1.6,10.9,98.3
VLP-1001-1419,Villepinte,48.956758,2.555985,0.113,16,2,1.2,2025-10-01T16:00,24.4,0.0,0.965,5,2.16,1.23,9.8,78.5
VRY-1001-1420,Viry-Chatillon,48.661694,2.36443,0.682,13,2,1.0,2025-10-01T13:00,18.1,0.0,0.904,4,0.3,0.2,12.1,327.1
RSB-1001-1421,Roissy-en-Brie,48.794946,2.647458,0.572,13,2,1.1,2025-10-01T13:00,16.1,0.0,0.942,2,1.9,0.8,13.0,258.0
VLP-1001-1422,Villepinte,48.962575,2.555572,0.382,21,2,1.2,2025-10-01T21:00,9.8,0.0,0.908,7,1.52,2.03,12.2,145.7
MAL-1001-1423,Malakoff,48.817576,2.318565,0.4,12,2,1.05,2025-10-01T12:00,12.3,0.0,0.985,4,1.58,0.2,11.7,183.4
BOB-1001-1424,Bobigny,48.909932,2.421298,0.403,13,2,1.15,2025-10-01T13:00,20.6,0.0,0.97,5,1.36,2.15,9.9,187.5
MAL-1001-1425,Malakoff,48.817461,2.283805,0.804,12,2,1.05,2025-10-01T12:00,18.0,0.0,0.891,4,2.05,3.44,6.9,363.4
MAL-1001-1426,Malakoff,48.82973,2.302184,0.53,19,2,1.522,2025-10-01T19:00,24.4,0.0,0.9,6,2.09,1.62,14.9,173.2
BOB-1001-1427,Bobigny,48.897453,2.458849,0.402,20,2,1.667,2025-10-01T20:00,19.5,0.0,0.874,4,3.28,2.62,14.8,120.4
RSB-1001-1428,Roissy-en-Brie,48.792264,2.623519,0.477,17,2,1.595,2025-10-01T17:00,13.0,0.0,0.965,7,3.52,3.26,20.3,177.3
VLP-1001-1429,Villepinte,48.964461,2.550067,0.625,22,2,1.2,2025-10-01T22:00,27.1,0.0,0.933,6,1.96,2.95,17.6,251.8
VLP-1001-1430,Villepinte,48.959179,2.558443,0.356,17,2,1.74,2025-10-01T17:00,16.4,0.0,1.0,5,2.56,3.08,15.6,60.3
BOB-1001-1431,Bobigny,48.915565,2.448743,0.531,13,2,1.15,2025-10-01T13:00,16.1,0.0,0.949,2,1.01,1.71,10.3,237.4
VRY-1001-1432,Viry-Chatillon,48.668826,2.356769,0.228,19,2,1.45,2025-10-01T19:00,21.0,0.0,0.92,10,2.18,3.17,14.7,42.1
RSB-1001-1433,Roissy-en-Brie,48.78063,2.672148,0.42,16,2,1.1,2025-10-01T16:00,24.3,0.0,0.991,5,2.18,1.48,4.9,183.2
VLP-1001-1434,Villepinte,48.98273,2.541417,0.424,9,2,1.74,2025-10-01T09:00,24.9,0.0,0.956,4,3.36,3.65,13.1,114.9
RSB-1001-1435,Roissy-en-Brie,48.779763,2.670481,0.526,18,2,1.595,2025-10-01T18:00,20.0,0.0,0.988,5,2.07,2.61,11.3,174.7
VRY-1001-1436,Viry-Chatillon,48.675332,2.381419,0.915,10,2,1.0,2025-10-01T10:00,12.7,0.0,0.91,4,1.64,1.28,6.3,457.1
RSB-1001-1437,Roissy-en-Brie,48.780439,2.650665,0.379,22,2,1.1,2025-10-01T22:00,15.8,0.0,0.974,3,3.17,2.41,8.3,199.9
MAL-1001-1438,Malakoff,48.819253,2.279243,0.609,19,2,1.522,2025-10-01T19:00,23.5,0.0,0.939,5,2.9,2.35,12.4,190.3
RSB-1001-1439,Roissy-en-Brie,48.792692,2.62791,0.349,7,2,1.595,2025-10-01T07:00,20.2,0.0,0.99,4,1.62,1.4,20.3,92.2
BOB-1001-1440,Bobigny,48.914046,2.440845,0.315,9,2,1.667,2025-10-01T09:00,21.6,0.0,0.899,8,2.39,2.36,14.5,51.0
VRY-1001-1441,Viry-Chatillon,48.666682,2.376713,0.1,21,2,1.0,2025-10-01T21:00,18.5,0.0,0.938,2,2.06,2.39,12.2,44.1
MAL-1001-1442,Malakoff,48.828609,2.312831,0.412,22,2,1.05,2025-10-01T22:00,14.7,0.0,0.876,6,1.75,1.8,5.8,188.9
RSB-1001-1443,Roissy-en-Brie,48.789813,2.637899,0.252,12,2,1.1,2025-10-01T12:00,19.9,0.0,0.887,3,0.3,0.2,9.0,164.5
RSB-1001-1444,Roissy-en-Brie,48.800347,2.656886,0.631,14,2,1.1,2025-10-01T14:00,13.1,1.98,0.941,6,3.3,2.86,12.9,309.2
MAL-1001-1445,Malakoff,48.812782,2.305199,0.536,14,2,1.05,2025-10-01T14:00,18.4,0.0,0.945,2,1.62,1.8,10.0,237.3
VLP-1001-1446,Villepinte,48.9734,2.561593,0.406,17,2,1.74,2025-10-01T17:00,24.5,0.0,0.979,11,3.36,2.07,16.0,94.7
BOB-1001-1447,Bobigny,48.914087,2.450778,0.538,9,2,1.667,2025-10-01T09:00,16.6,0.33,0.985,5,3.63,3.54,22.5,161.4
VRY-1001-1448,Viry-Chatillon,48.67446,2.368586,0.486,12,2,1.0,2025-10-01T12:00,16.8,0.0,0.86,4,2.73,2.54,16.2,250.3
VLP-1001-1449,Villepinte,48.957732,2.554473,0.881,14,2,1.2,2025-10-01T14:00,18.4,0.0,0.967,1,1.6,2.08,15.1,375.2
VLP-1001-1450,Villepinte,48.981271,2.549826,0.451,17,2,1.74,2025-10-01T17:00,24.3,0.0,0.871,8,3.39,3.21,12.8,153.8
RSB-1001-1451,Roissy-en-Brie,48.782483,2.654524,0.352,12,2,1.1,2025-10-01T12:00,18.4,0.0,0.871,1,2.71,2.21,16.7,179.4
VRY-1001-1452,Viry-Chatillon,48.655023,2.358297,0.451,8,2,1.45,2025-10-01T08:00,18.0,0.0,0.948,5,3.63,4.19,22.1,148.7
RSB-1001-1453,Roissy-en-Brie,48.797973,2.633245,0.438,19,2,1.595,2025-10-01T19:00,25.5,0.0,0.972,2,1.45,1.47,11.6,126.7
MAL-1001-1454,Malakoff,48.81357,2.310133,0.548,18,2,1.522,2025-10-01T18:00,20.8,0.0,0.973,6,2.64,2.03,16.1,187.7
VRY-1001-1455,Viry-Chatillon,48.669954,2.383275,0.511,15,2,1.0,2025-10-01T15:00,23.9,0.0,0.899,2,2.4,1.43,12.3,239.8
BOB-1001-1456,Bobigny,48.9068,2.444717,0.218,13,2,1.15,2025-10-01T13:00,16.3,4.33,0.936,2,2.05,2.29,13.8,98.1
BOB-1001-1457,Bobigny,48.912537,2.462321,0.371,16,2,1.15,2025-10-01T16:00,13.9,0.0,0.97,2,1.89,1.34,11.3,159.1
BOB-1001-1458,Bobigny,48.916499,2.427899,0.351,17,2,1.667,2025-10-01T17:00,20.2,0.0,0.868,3,2.43,1.93,21.7,75.4
VLP-1001-1459,Villepinte,48.980155,2.549124,0.65,11,2,1.2,2025-10-01T11:00,22.3,0.0,0.967,4,0.73,1.43,13.8,285.0
RSB-1001-1460,Roissy-en-Brie,48.783281,2.627076,0.442,11,2,1.1,2025-10-01T11:00,15.5,0.0,0.905,4,1.62,1.34,9.7,202.9
VLP-1001-1461,Villepinte,48.960812,2.559431,0.514,8,2,1.74,2025-10-01T08:00,22.7,0.0,0.997,4,2.51,1.74,17.8,131.5
VLP-1001-1462,Villepinte,48.972291,2.565812,0.857,20,2,1.74,2025-10-01T20:00,17.4,0.43,0.863,7,2.35,2.84,22.5,219.1
MAL-1001-1463,Malakoff,48.811208,2.309611,0.453,11,2,1.05,2025-10-01T11:00,23.2,0.0,0.963,2,1.85,1.63,10.7,222.7
MAL-1001-1464,Malakoff,48.808018,2.320272,0.251,20,2,1.522,2025-10-01T20:00,20.3,0.65,0.928,6,2.72,3.22,15.8,77.1
VRY-1001-1465,Viry-Chatillon,48.663509,2.392745,0.385,17,2,1.45,2025-10-01T17:00,11.1,0.0,0.957,8,0.98,0.93,20.2,140.5
VLP-1001-1466,Villepinte,48.968612,2.511095,0.516,14,2,1.2,2025-10-01T14:00,14.3,0.0,0.862,5,1.93,1.4,15.9,210.3
RSB-1001-1467,Roissy-en-Brie,48.806237,2.673578,0.362,22,2,1.1,2025-10-01T22:00,17.8,0.0,0.92,5,1.2,1.18,8.2,178.1
BOB-1001-1468,Bobigny,48.902558,2.47273,0.514,18,2,1.667,2025-10-01T18:00,15.2,0.0,0.887,3,3.23,3.71,11.3,155.1
RSB-1001-1469,Roissy-en-Brie,48.787268,2.638546,0.679,10,2,1.1,2025-10-01T10:00,14.2,0.0,0.964,1,0.91,1.06,15.0,327.1
VRY-1001-1470,Viry-Chatillon,48.65092,2.370347,0.468,18,2,1.45,2025-10-01T18:00,17.0,0.0,0.88,6,1.64,1.62,15.1,170.6
VLP-1001-1471,Villepinte,48.957143,2.544026,0.114,6,2,1.2,2025-10-01T06:00,21.3,0.42,0.996,7,2.05,1.55,7.7,66.7
MAL-1001-1472,Malakoff,48.817167,2.314618,0.705,9,2,1.522,2025-10-01T09:00,21.3,0.0,0.928,4,2.56,3.51,13.1,217.8
MAL-1001-1473,Malakoff,48.820975,2.288991,0.66,16,2,1.05,2025-10-01T16:00,25.6,0.0,0.971,5,1.34,1.03,6.8,326.0
VRY-1001-1474,Viry-Chatillon,48.668149,2.384823,0.333,16,2,1.0,2025-10-01T16:00,13.8,1.35,0.935,3,1.33,1.16,7.6,174.0
BOB-1001-1475,Bobigny,48.892729,2.446631,0.419,18,2,1.667,2025-10-01T18:00,18.8,0.0,0.946,2,2.49,2.69,23.6,129.7
BOB-1001-1476,Bobigny,48.899222,2.458078,0.324,19,2,1.667,2025-10-01T19:00,15.9,0.0,0.902,2,2.54,1.87,22.0,99.7
VRY-1001-1477,Viry-Chatillon,48.671971,2.389599,0.508,20,2,1.45,2025-10-01T20:00,25.8,0.0,0.916,6,1.83,1.76,10.2,181.6
MAL-1001-1478,Malakoff,48.821558,2.304082,0.409,8,2,1.522,2025-10-01T08:00,13.0,0.0,0.916,9,2.45,2.9,14.3,139.7
MAL-1001-1479,Malakoff,48.822803,2.297358,0.657,9,2,1.522,2025-10-01T09:00,14.5,0.0,0.89,5,2.09,2.84,10.7,177.5
VLP-1001-1480,Villepinte,48.967267,2.574485,0.442,9,2,1.74,2025-10-01T09:00,18.4,0.0,0.865,8,2.86,3.22,20.6,162.7
VRY-1001-1481,Viry-Chatillon,48.685142,2.389499,0.303,19,2,1.45,2025-10-01T19:00,13.4,0.0,0.943,3,1.61,0.56,20.5,65.7
VLP-1001-1482,Villepinte,48.980838,2.528668,0.633,12,2,1.2,2025-10-01T12:00,18.7,0.0,0.9,2,0.98,0.52,11.9,283.7
MAL-1001-1483,Malakoff,48.814858,2.322025,0.441,14,2,1.05,2025-10-01T14:00,23.0,0.0,0.897,1,2.29,3.53,13.0,228.2
RSB-1001-1484,Roissy-en-Brie,48.787862,2.647513,0.751,20,2,1.595,2025-10-01T20:00,13.2,0.0,0.921,4,4.01,3.45,12.5,229.7
BOB-1001-1485,Bobigny,48.913663,2.440823,0.602,9,2,1.667,2025-10-01T09:00,15.9,0.0,0.942,5,3.57,3.73,18.8,187.7
RSB-1001-1486,Roissy-en-Brie,48.803259,2.636613,0.264,18,2,1.595,2025-10-01T18:00,17.3,0.0,0.873,7,2.96,3.24,14.7,72.9
VRY-1001-1487,Viry-Chatillon,48.66643,2.39262,0.95,17,2,1.45,2025-10-01T17:00,23.9,0.0,0.925,3,2.38,2.34,9.8,327.9
VLP-1001-1488,Villepinte,48.990866,2.526974,0.462,21,2,1.2,2025-10-01T21:00,14.0,0.0,0.925,2,1.82,3.98,13.5,187.0
VLP-1001-1489,Villepinte,48.947858,2.556629,0.747,20,2,1.74,2025-10-01T20:00,21.3,0.0,0.978,7,2.91,3.97,14.7,223.9
RSB-1001-1490,Roissy-en-Brie,48.783059,2.645129,0.38,12,2,1.1,2025-10-01T12:00,14.3,0.0,0.913,2,1.83,2.24,11.2,182.2
BOB-1001-1491,Bobigny,48.910649,2.436364,0.561,10,2,1.15,2025-10-01T10:00,15.9,0.24,0.97,3,2.01,1.03,16.4,272.5
MAL-1001-1492,Malakoff,48.808237,2.2885,0.67,6,2,1.05,2025-10-01T06:00,8.4,0.0,0.974,1,2.87,4.24,10.9,356.9
BOB-1001-1493,Bobigny,48.924219,2.425727,0.873,11,2,1.15,2025-10-01T11:00,22.6,0.0,0.942,4,3.42,2.97,11.4,364.3
VRY-1001-1494,Viry-Chatillon,48.681468,2.404888,0.461,8,2,1.45,2025-10-01T08:00,14.0,0.54,0.905,5,1.98,2.32,19.6,163.8
VLP-1001-1495,Villepinte,48.978849,2.542557,0.213,16,2,1.2,2025-10-01T16:00,14.8,0.0,0.903,0,1.32,2.44,11.6,67.2
VLP-1001-1496,Villepinte,48.974653,2.570884,0.431,12,2,1.2,2025-10-01T12:00,18.3,1.22,0.913,1,2.44,2.3,10.2,174.2
MAL-1001-1497,Malakoff,48.824199,2.287381,0.556,11,2,1.05,2025-10-01T11:00,16.5,0.0,0.88,4,0.65,1.53,11.2,236.2
MAL-1001-1498,Malakoff,48.811345,2.276176,0.574,6,2,1.05,2025-10-01T06:00,16.4,0.0,0.927,3,2.48,2.61,11.6,306.2
VLP-1001-1499,Villepinte,48.955208,2.540098,0.22,20,2,1.74,2025-10-01T20:00,21.6,0.09,0.964,7,1.47,1.92,17.2,35.0
VRY-1001-1500,Viry-Chatillon,48.672445,2.381301,0.145,14,2,1.0,2025-10-01T14:00,23.9,0.0,0.976,2,2.11,2.25,10.0,90.0
MAL-1001-1501,Malakoff,48.819874,2.297003,0.522,21,2,1.05,2025-10-01T21:00,16.0,0.0,0.982,3,2.38,1.96,8.0,260.7
BOB-1001-1502,Bobigny,48.906184,2.447036,0.481,21,2,1.15,2025-10-01T21:00,16.5,0.0,0.928,3,0.73,1.51,10.2,209.6
RSB-1001-1503,Roissy-en-Brie,48.782199,2.655667,0.856,6,2,1.1,2025-10-01T06:00,18.7,1.78,0.991,4,1.53,1.74,16.9,414.7
VLP-1001-1504,Villepinte,48.975315,2.552499,0.731,13,2,1.2,2025-10-01T13:00,17.8,0.0,0.977,4,0.68,0.95,12.8,299.6
VLP-1001-1505,Villepinte,48.972798,2.552928,0.724,20,2,1.74,2025-10-01T20:00,17.7,0.0,0.972,6,2.16,2.3,16.1,202.1
VLP-1001-1506,Villepinte,48.953712,2.544487,0.368,17,2,1.74,2025-10-01T17:00,17.2,0.0,0.98,7,2.59,1.8,20.9,122.5
RSB-1001-1507,Roissy-en-Brie,48.778449,2.66324,0.689,12,2,1.1,2025-10-01T12:00,21.6,0.0,0.916,3,2.75,2.28,15.3,317.9
RSB-1001-1508,Roissy-en-Brie,48.796867,2.674585,0.373,16,2,1.1,2025-10-01T16:00,22.5,0.0,0.982,2,1.72,1.55,11.1,205.4
MAL-1001-1509,Malakoff,48.81725,2.283114,0.413,17,2,1.522,2025-10-01T17:00,22.7,0.0,0.874,3,2.47,1.08,16.9,163.1
RSB-1001-1510,Roissy-en-Brie,48.78889,2.649657,0.517,17,2,1.595,2025-10-01T17:00,16.0,0.0,0.87,6,2.03,1.44,19.9,169.4
MAL-1001-1511,Malakoff,48.8196,2.306333,0.159,22,2,1.05,2025-10-01T22:00,10.0,0.0,0.868,7,0.45,1.9,10.9,73.2
BOB-1001-1512,Bobigny,48.914126,2.470367,0.673,10,2,1.15,2025-10-01T10:00,16.1,0.0,0.878,4,1.08,0.25,4.8,288.3
RSB-1001-1513,Roissy-en-Brie,48.808911,2.653923,0.421,21,2,1.1,2025-10-01T21:00,15.7,0.0,0.969,5,2.86,2.36,15.4,177.8
VLP-1001-1514,Villepinte,48.98721,2.558531,0.593,21,2,1.2,2025-10-01T21:00,10.6,0.0,0.936,2,3.16,3.26,19.1,218.6
RSB-1001-1515,Roissy-en-Brie,48.783026,2.646953,0.67,10,2,1.1,2025-10-01T10:00,20.7,0.0,0.916,3,1.08,1.01,13.0,302.7
BOB-1001-1516,Bobigny,48.892392,2.438275,0.489,11,2,1.15,2025-10-01T11:00,20.6,0.0,0.872,4,3.4,2.71,11.4,209.8
RSB-1001-1517,Roissy-en-Brie,48.8064,2.644909,0.37,20,2,1.595,2025-10-01T20:00,26.7,0.0,0.873,2,1.68,0.4,16.5,94.7
BOB-1001-1518,Bobigny,48.896711,2.45399,0.269,20,2,1.667,2025-10-01T20:00,15.4,0.0,0.99,4,2.74,2.26,21.6,80.8
VLP-1001-1519,Villepinte,48.960789,2.515361,0.447,9,2,1.74,2025-10-01T09:00,21.4,0.0,0.995,7,2.73,2.8,14.5,120.2
RSB-1001-1520,Roissy-en-Brie,48.786351,2.650634,0.296,8,2,1.595,2025-10-01T08:00,19.2,0.0,0.977,3,1.91,2.22,10.5,84.6
RSB-1001-1521,Roissy-en-Brie,48.787738,2.644672,0.631,20,2,1.595,2025-10-01T20:00,14.7,0.0,0.903,5,2.05,2.78,20.5,212.7
VLP-1001-1522,Villepinte,48.967669,2.558531,0.579,8,2,1.74,2025-10-01T08:00,17.1,0.0,0.994,7,4.43,4.47,15.2,159.9
MAL-1001-1523,Malakoff,48.804746,2.276815,0.694,15,2,1.05,2025-10-01T15:00,21.8,0.69,0.923,2,0.3,0.99,14.1,354.3
BOB-1001-1524,Bobigny,48.916831,2.449132,0.581,11,2,1.15,2025-10-01T11:00,15.4,0.0,0.986,5,1.63,1.43,11.2,244.9
MAL-1001-1525,Malakoff,48.818811,2.310661,0.284,9,2,1.522,2025-10-01T09:00,19.0,0.0,0.999,5,2.03,1.99,12.9,101.7
RSB-1001-1526,Roissy-en-Brie,48.778626,2.659759,0.503,11,2,1.1,2025-10-01T11:00,21.5,0.0,0.995,4,1.4,1.97,11.9,253.3
BOB-1001-1527,Bobigny,48.909238,2.450287,0.656,10,2,1.15,2025-10-01T10:00,21.3,0.16,0.982,1,2.98,3.23,13.8,280.2
VRY-1001-1528,Viry-Chatillon,48.675874,2.381841,0.46,13,2,1.0,2025-10-01T13:00,17.5,0.0,0.892,1,1.74,1.7,7.0,237.3
VLP-1001-1529,Villepinte,48.969291,2.546359,0.95,6,2,1.2,2025-10-01T06:00,15.1,0.0,0.923,3,1.69,1.48,9.2,427.9
RSB-1001-1530,Roissy-en-Brie,48.782195,2.626361,0.701,7,2,1.595,2025-10-01T07:00,17.7,0.0,0.863,4,3.98,3.85,21.8,198.4
MAL-1001-1531,Malakoff,48.822032,2.283912,0.68,13,2,1.05,2025-10-01T13:00,20.7,0.0,0.991,5,2.78,2.39,10.2,334.5
MAL-1001-1532,Malakoff,48.81443,2.306917,0.465,8,2,1.522,2025-10-01T08:00,21.5,0.0,0.898,6,1.19,0.94,18.8,149.2
BOB-1001-1533,Bobigny,48.90875,2.457295,0.488,12,2,1.15,2025-10-01T12:00,21.5,0.0,0.938,2,1.99,0.9,12.6,235.3
MAL-1001-1534,Malakoff,48.824632,2.299598,0.228,7,2,1.522,2025-10-01T07:00,21.4,0.0,0.98,7,2.37,2.77,11.5,76.0
RSB-1001-1535,Roissy-en-Brie,48.777971,2.655455,0.694,14,2,1.1,2025-10-01T14:00,13.5,0.0,0.938,4,0.92,1.55,6.5,322.8
VRY-1001-1536,Viry-Chatillon,48.652774,2.392333,0.558,21,2,1.0,2025-10-01T21:00,25.8,1.82,0.999,3,1.46,1.59,12.3,282.3
MAL-1001-1537,Malakoff,48.808723,2.298321,0.508,8,2,1.522,2025-10-01T08:00,20.3,0.0,0.89,3,1.65,1.57,15.5,136.2
VLP-1001-1538,Villepinte,48.975662,2.520092,0.336,19,2,1.74,2025-10-01T19:00,14.9,0.0,0.863,7,3.24,2.75,21.1,96.5
BOB-1001-1539,Bobigny,48.896771,2.46935,0.484,19,2,1.667,2025-10-01T19:00,19.8,1.16,0.954,4,3.46,2.37,16.2,143.3
MAL-1001-1540,Malakoff,48.815805,2.297255,0.552,12,2,1.05,2025-10-01T12:00,18.4,0.0,0.875,0,1.38,0.81,16.6,258.6
VLP-1001-1541,Villepinte,48.968574,2.555928,0.369,21,2,1.2,2025-10-01T21:00,17.4,0.0,0.969,4,2.77,1.71,11.0,127.2
VRY-1001-1542,Viry-Chatillon,48.665615,2.382561,0.175,20,2,1.45,2025-10-01T20:00,14.5,0.0,0.964,4,2.16,2.86,7.1,53.1
MAL-1001-1543,Malakoff,48.807986,2.295556,0.674,19,2,1.522,2025-10-01T19:00,17.4,0.0,0.894,7,1.95,2.19,16.3,235.7
MAL-1001-1544,Malakoff,48.800379,2.270685,0.382,11,2,1.05,2025-10-01T11:00,12.5,0.0,0.874,2,1.47,1.24,11.8,195.5
RSB-1001-1545,Roissy-en-Brie,48.776485,2.641498,0.549,12,2,1.1,2025-10-01T12:00,17.6,0.0,0.913,3,0.85,1.55,10.1,265.2
VRY-1001-1546,Viry-Chatillon,48.664677,2.378674,0.241,17,2,1.45,2025-10-01T17:00,22.4,0.0,0.864,4,1.43,0.24,15.9,75.5
RSB-1001-1547,Roissy-en-Brie,48.79706,2.625529,0.44,12,2,1.1,2025-10-01T12:00,14.6,0.0,0.878,6,1.64,2.22,7.1,187.7
BOB-1001-1548,Bobigny,48.916396,2.449048,0.354,13,2,1.15,2025-10-01T13:00,21.6,0.0,0.953,3,1.0,0.2,15.1,165.8
VRY-1001-1549,Viry-Chatillon,48.659336,2.38568,0.178,19,2,1.45,2025-10-01T19:00,16.8,0.0,0.958,4,3.72,2.11,14.4,48.8
VLP-1001-1550,Villepinte,48.97189,2.548239,0.605,21,2,1.2,2025-10-01T21:00,19.3,0.0,0.949,9,2.01,1.7,14.8,253.2
BOB-1001-1551,Bobigny,48.919234,2.449887,0.685,12,2,1.15,2025-10-01T12:00,15.3,0.0,0.868,3,2.01,2.18,13.8,294.2
VLP-1001-1552,Villepinte,48.976818,2.560226,0.329,13,2,1.2,2025-10-01T13:00,14.2,0.0,0.997,7,1.93,1.67,13.2,133.6
RSB-1001-1553,Roissy-en-Brie,48.805269,2.658017,0.76,11,2,1.1,2025-10-01T11:00,20.2,0.0,0.961,3,1.77,1.27,7.3,328.6
BOB-1001-1554,Bobigny,48.908359,2.443328,0.415,19,2,1.667,2025-10-01T19:00,18.1,0.0,0.97,0,2.55,3.17,16.2,143.3
RSB-1001-1555,Roissy-en-Brie,48.797217,2.652993,0.313,6,2,1.1,2025-10-01T06:00,15.1,0.0,0.924,4,2.18,2.68,15.4,141.0
MAL-1001-1556,Malakoff,48.822182,2.309645,0.62,9,2,1.522,2025-10-01T09:00,17.7,0.48,0.901,3,3.92,4.78,12.6,188.1
VLP-1001-1557,Villepinte,48.971267,2.571429,0.499,15,2,1.2,2025-10-01T15:00,22.2,0.0,0.931,4,1.13,1.04,10.1,194.6
VLP-1001-1558,Villepinte,48.961637,2.538029,0.526,15,2,1.2,2025-10-01T15:00,17.4,0.0,0.958,2,2.75,2.43,10.2,227.8
VLP-1001-1559,Villepinte,48.969121,2.545921,0.51,16,2,1.2,2025-10-01T16:00,19.7,0.0,0.942,3,2.4,2.84,8.7,209.0
VLP-1001-1560,Villepinte,48.972238,2.553704,0.555,8,2,1.74,2025-10-01T08:00,18.4,0.0,0.944,5,2.26,2.9,20.5,172.8
BOB-1001-1561,Bobigny,48.924516,2.442512,0.374,14,2,1.15,2025-10-01T14:00,15.8,0.0,0.91,2,2.6,3.0,10.0,179.7
VLP-1001-1562,Villepinte,48.970059,2.553547,0.407,16,2,1.2,2025-10-01T16:00,14.6,0.0,0.927,2,3.42,3.46,15.3,182.3
VLP-1001-1563,Villepinte,48.973145,2.537212,0.303,9,2,1.74,2025-10-01T09:00,16.0,0.0,0.865,8,3.42,3.08,16.3,96.1
VRY-1001-1564,Viry-Chatillon,48.670735,2.379548,0.208,18,2,1.45,2025-10-01T18:00,16.5,0.0,0.904,8,2.2,2.63,16.7,70.1
MAL-1001-1565,Malakoff,48.83046,2.309668,0.682,17,2,1.522,2025-10-01T17:00,15.7,3.83,0.925,3,2.2,2.29,14.7,235.8
VLP-1001-1566,Villepinte,48.977803,2.544222,0.314,21,2,1.2,2025-10-01T21:00,19.8,0.0,0.892,2,2.74,2.99,17.3,106.6
BOB-1001-1567,Bobigny,48.908458,2.447863,0.401,11,2,1.15,2025-10-01T11:00,17.8,0.0,0.947,6,3.28,5.06,8.8,145.8
VLP-1001-1568,Villepinte,48.971865,2.547251,0.426,9,2,1.74,2025-10-01T09:00,13.1,1.55,0.956,2,3.09,3.67,17.7,138.6
VLP-1001-1569,Villepinte,48.954039,2.557258,0.283,19,2,1.74,2025-10-01T19:00,21.0,0.16,0.884,5,2.89,2.05,15.5,98.0
VLP-1001-1570,Villepinte,48.983235,2.535147,0.544,7,2,1.74,2025-10-01T07:00,18.4,0.0,0.947,10,2.13,1.31,21.6,130.8
VLP-1001-1571,Villepinte,48.959901,2.54408,0.569,10,2,1.2,2025-10-01T10:00,21.6,0.0,0.97,3,2.11,2.77,11.2,228.2
RSB-1001-1572,Roissy-en-Brie,48.794285,2.664297,0.273,15,2,1.1,2025-10-01T15:00,21.0,0.0,0.944,3,1.71,1.8,5.9,144.1
MAL-1001-1573,Malakoff,48.818498,2.304494,0.616,7,2,1.522,2025-10-01T07:00,20.7,1.97,0.929,7,3.2,2.75,17.5,212.2
RSB-1001-1574,Roissy-en-Brie,48.78168,2.651414,0.432,11,2,1.1,2025-10-01T11:00,23.4,0.0,0.933,2,1.38,1.61,14.8,205.7
BOB-1001-1575,Bobigny,48.909515,2.476944,0.314,7,2,1.667,2025-10-01T07:00,21.7,4.24,0.86,2,2.46,2.47,20.0,70.4
BOB-1001-1576,Bobigny,48.90593,2.450932,0.348,21,2,1.15,2025-10-01T21:00,17.2,0.0,0.953,4,2.11,1.92,16.7,130.8
MAL-1001-1577,Malakoff,48.824921,2.262042,0.513,16,2,1.05,2025-10-01T16:00,21.2,0.0,0.969,3,1.78,1.44,13.1,251.5
MAL-1001-1578,Malakoff,48.835031,2.313603,0.545,17,2,1.522,2025-10-01T17:00,11.9,0.0,0.889,5,1.52,1.84,15.8,197.6
MAL-1001-1579,Malakoff,48.804821,2.301541,0.801,7,2,1.522,2025-10-01T07:00,13.2,0.0,0.921,2,2.47,2.84,25.5,235.5
VRY-1001-1580,Viry-Chatillon,48.678497,2.39894,0.413,7,2,1.45,2025-10-01T07:00,14.3,0.0,0.949,6,2.86,3.53,17.4,152.7
MAL-1001-1581,Malakoff,48.83142,2.283573,0.432,8,2,1.522,2025-10-01T08:00,12.4,0.0,0.917,4,3.98,3.86,15.7,158.9
MAL-1001-1582,Malakoff,48.820651,2.29727,0.507,20,2,1.522,2025-10-01T20:00,15.8,0.0,0.944,3,2.13,2.52,11.7,185.5
MAL-1001-1583,Malakoff,48.829221,2.288722,0.861,14,2,1.05,2025-10-01T14:00,18.4,0.0,0.872,8,2.79,3.8,6.1,408.7
VLP-1001-1584,Villepinte,48.972217,2.538004,0.314,17,2,1.74,2025-10-01T17:00,15.4,0.0,0.878,4,3.35,2.67,29.0,102.5
VLP-1001-1585,Villepinte,48.973308,2.557391,0.303,13,2,1.2,2025-10-01T13:00,13.4,0.0,0.862,0,2.63,3.03,9.4,127.9
MAL-1001-1586,Malakoff,48.823667,2.262565,0.486,20,2,1.522,2025-10-01T20:00,14.6,0.0,0.991,3,2.22,1.58,14.3,179.1
VLP-1001-1587,Villepinte,48.981564,2.557872,0.681,20,2,1.74,2025-10-01T20:00,24.1,0.0,0.87,6,3.16,2.6,20.3,157.7
VRY-1001-1588,Viry-Chatillon,48.673642,2.384132,0.468,12,2,1.0,2025-10-01T12:00,15.4,0.0,0.894,0,2.84,1.92,12.5,223.5
RSB-1001-1589,Roissy-en-Brie,48.803244,2.641461,0.358,21,2,1.1,2025-10-01T21:00,11.7,0.0,0.968,3,1.14,0.84,13.5,148.3
VLP-1001-1590,Villepinte,48.969147,2.553022,0.82,12,2,1.2,2025-10-01T12:00,19.5,0.0,0.861,7,2.5,3.05,11.6,336.9
MAL-1001-1591,Malakoff,48.822406,2.315571,0.502,11,2,1.05,2025-10-01T11:00,21.2,1.14,0.94,3,2.56,3.47,10.0,244.5
VRY-1001-1592,Viry-Chatillon,48.66497,2.371286,0.434,17,2,1.45,2025-10-01T17:00,21.5,0.0,0.869,3,1.9,1.77,15.7,139.1
BOB-1001-1593,Bobigny,48.909928,2.451843,0.549,9,2,1.667,2025-10-01T09:00,18.1,0.0,0.89,3,2.21,1.86,21.1,161.3
RSB-1001-1594,Roissy-en-Brie,48.783538,2.650882,0.604,10,2,1.1,2025-10-01T10:00,16.7,0.0,0.926,2,1.66,1.43,11.2,269.0
VLP-1001-1595,Villepinte,48.971936,2.537886,0.289,22,2,1.2,2025-10-01T22:00,18.5,0.0,0.989,3,2.64,2.47,14.0,122.6
MAL-1001-1596,Malakoff,48.832403,2.269679,0.33,19,2,1.522,2025-10-01T19:00,19.7,0.0,0.882,5,2.72,3.87,11.6,105.7
BOB-1001-1597,Bobigny,48.90604,2.456248,0.79,11,2,1.15,2025-10-01T11:00,13.9,0.7,0.997,2,1.45,2.57,11.4,323.4
RSB-1001-1598,Roissy-en-Brie,48.800989,2.654115,0.552,19,2,1.595,2025-10-01T19:00,5.2,0.0,0.886,5,3.55,3.98,18.6,158.3
VLP-1001-1599,Villepinte,48.956342,2.546733,0.137,7,2,1.74,2025-10-01T07:00,18.7,1.14,0.902,6,2.08,2.25,10.5,42.2
