vehicle_id,zone_name,latitude,longitude,soc_now,hour,day_of_week,demand_zone_score
VLP-1210-1000,Villepinte,48.977362,2.558055,0.935,13,2,1.2
MAL-1210-1001,Malakoff,48.815033,2.299993,0.288,9,2,1.522
BOB-1210-1002,Bobigny,48.921599,2.442474,0.406,16,2,1.15
BOB-1210-1003,Bobigny,48.906194,2.465286,0.537,22,2,1.15
BOB-1210-1004,Bobigny,48.900778,2.436481,0.487,14,2,1.15
RSB-1210-1005,Roissy-en-Brie,48.780277,2.624053,0.256,9,2,1.595
RSB-1210-1006,Roissy-en-Brie,48.795977,2.654779,0.296,17,2,1.595
MAL-1210-1007,Malakoff,48.824855,2.316898,0.22,20,2,1.522
BOB-1210-1008,Bobigny,48.92418,2.460807,0.4,12,2,1.15
RSB-1210-1009,Roissy-en-Brie,48.789095,2.62629,0.46,16,2,1.1
VRY-1210-1010,Viry-Chatillon,48.657836,2.372086,0.753,13,2,1.0
VRY-1210-1011,Viry-Chatillon,48.663943,2.398915,0.95,19,2,1.45
MAL-1210-1012,Malakoff,48.797783,2.300717,0.497,19,2,1.522
RSB-1210-1013,Roissy-en-Brie,48.777227,2.62897,0.529,6,2,1.1
VLP-1210-1014,Villepinte,48.968696,2.56747,0.53,19,2,1.74
MAL-1210-1015,Malakoff,48.817635,2.333444,0.375,20,2,1.522
MAL-1210-1016,Malakoff,48.812155,2.299359,0.248,15,2,1.05
VLP-1210-1017,Villepinte,48.962667,2.555496,0.376,15,2,1.2
BOB-1210-1018,Bobigny,48.900088,2.433244,0.383,13,2,1.15
RSB-1210-1019,Roissy-en-Brie,48.799601,2.652045,0.298,10,2,1.1
VLP-1210-1020,Villepinte,48.970211,2.57351,0.219,14,2,1.2
VRY-1210-1021,Viry-Chatillon,48.665609,2.422107,0.254,6,2,1.0
MAL-1210-1022,Malakoff,48.815728,2.31316,0.602,21,2,1.05
VLP-1210-1023,Villepinte,48.975358,2.563873,0.343,13,2,1.2
MAL-1210-1024,Malakoff,48.825082,2.289517,0.396,22,2,1.05
MAL-1210-1025,Malakoff,48.828691,2.2997,0.402,15,2,1.05
VLP-1210-1026,Villepinte,48.958753,2.538779,0.746,6,2,1.2
VLP-1210-1027,Villepinte,48.988709,2.543043,0.753,20,2,1.74
MAL-1210-1028,Malakoff,48.827769,2.294398,0.449,20,2,1.522
MAL-1210-1029,Malakoff,48.818565,2.294916,0.68,17,2,1.522
VLP-1210-1030,Villepinte,48.964632,2.582535,0.876,15,2,1.2
VRY-1210-1031,Viry-Chatillon,48.686698,2.3681,0.292,17,2,1.45
RSB-1210-1032,Roissy-en-Brie,48.778208,2.664179,0.178,13,2,1.1
VLP-1210-1033,Villepinte,48.972279,2.562375,0.462,21,2,1.2
BOB-1210-1034,Bobigny,48.923206,2.43561,0.606,13,2,1.15
BOB-1210-1035,Bobigny,48.903778,2.452219,0.455,19,2,1.667
VRY-1210-1036,Viry-Chatillon,48.68716,2.389602,0.529,20,2,1.45
RSB-1210-1037,Roissy-en-Brie,48.804669,2.659409,0.268,6,2,1.1
VRY-1210-1038,Viry-Chatillon,48.666589,2.367611,0.554,15,2,1.0
BOB-1210-1039,Bobigny,48.926186,2.443392,0.526,14,2,1.15
VRY-1210-1040,Viry-Chatillon,48.671118,2.377243,0.604,8,2,1.45
RSB-1210-1041,Roissy-en-Brie,48.781921,2.640223,0.391,21,2,1.1
VRY-1210-1042,Viry-Chatillon,48.685039,2.383351,0.659,15,2,1.0
MAL-1210-1043,Malakoff,48.812092,2.306655,0.544,22,2,1.05
RSB-1210-1044,Roissy-en-Brie,48.777795,2.633293,0.36,21,2,1.1
VRY-1210-1045,Viry-Chatillon,48.671403,2.385555,0.585,11,2,1.0
RSB-1210-1046,Roissy-en-Brie,48.791728,2.646093,0.378,10,2,1.1
MAL-1210-1047,Malakoff,48.834027,2.302114,0.364,15,2,1.05
BOB-1210-1048,Bobigny,48.908864,2.444967,0.182,7,2,1.667
VLP-1210-1049,Villepinte,48.977555,2.583228,0.559,17,2,1.74
VRY-1210-1050,Viry-Chatillon,48.667586,2.400901,0.694,18,2,1.45
BOB-1210-1051,Bobigny,48.906818,2.442096,0.948,12,2,1.15
RSB-1210-1052,Roissy-en-Brie,48.798515,2.642339,0.458,13,2,1.1
RSB-1210-1053,Roissy-en-Brie,48.789335,2.650255,0.39,9,2,1.595
VLP-1210-1054,Villepinte,48.975348,2.548849,0.588,14,2,1.2
MAL-1210-1055,Malakoff,48.811763,2.281754,0.699,8,2,1.522
RSB-1210-1056,Roissy-en-Brie,48.805219,2.628164,0.595,19,2,1.595
VLP-1210-1057,Villepinte,48.968733,2.563132,0.306,12,2,1.2
BOB-1210-1058,Bobigny,48.912615,2.449403,0.609,20,2,1.667
VRY-1210-1059,Viry-Chatillon,48.669065,2.360789,0.518,6,2,1.0
VRY-1210-1060,Viry-Chatillon,48.66537,2.383238,0.7,11,2,1.0
VRY-1210-1061,Viry-Chatillon,48.668301,2.391206,0.527,16,2,1.0
VLP-1210-1062,Villepinte,48.958679,2.549743,0.292,12,2,1.2
VRY-1210-1063,Viry-Chatillon,48.658514,2.381702,0.418,10,2,1.0
BOB-1210-1064,Bobigny,48.913065,2.449213,0.58,14,2,1.15
VRY-1210-1065,Viry-Chatillon,48.660655,2.378616,0.427,9,2,1.45
VRY-1210-1066,Viry-Chatillon,48.678341,2.392292,0.497,13,2,1.0
MAL-1210-1067,Malakoff,48.823815,2.321648,0.775,13,2,1.05
VLP-1210-1068,Villepinte,48.964917,2.538196,0.373,11,2,1.2
RSB-1210-1069,Roissy-en-Brie,48.767603,2.650671,0.704,18,2,1.595
VLP-1210-1070,Villepinte,48.960086,2.541086,0.636,9,2,1.74
VLP-1210-1071,Villepinte,48.981277,2.554443,0.56,18,2,1.74
RSB-1210-1072,Roissy-en-Brie,48.804275,2.634081,0.557,7,2,1.595
MAL-1210-1073,Malakoff,48.797949,2.277506,0.486,9,2,1.522
RSB-1210-1074,Roissy-en-Brie,48.796373,2.641688,0.84,10,2,1.1
MAL-1210-1075,Malakoff,48.822502,2.302727,0.639,7,2,1.522
VLP-1210-1076,Villepinte,48.980766,2.552431,0.828,15,2,1.2
BOB-1210-1077,Bobigny,48.919045,2.455172,0.287,15,2,1.15
MAL-1210-1078,Malakoff,48.822966,2.314461,0.1,10,2,1.05
BOB-1210-1079,Bobigny,48.914574,2.443577,0.673,22,2,1.15
RSB-1210-1080,Roissy-en-Brie,48.784346,2.642119,0.366,15,2,1.1
RSB-1210-1081,Roissy-en-Brie,48.794312,2.635164,0.489,13,2,1.1
VLP-1210-1082,Villepinte,48.960064,2.529744,0.385,12,2,1.2
BOB-1210-1083,Bobigny,48.925236,2.457602,0.174,13,2,1.15
VRY-1210-1084,Viry-Chatillon,48.667473,2.393299,0.438,19,2,1.45
RSB-1210-1085,Roissy-en-Brie,48.7876,2.671087,0.54,17,2,1.595
RSB-1210-1086,Roissy-en-Brie,48.786287,2.639268,0.585,15,2,1.1
MAL-1210-1087,Malakoff,48.8233,2.329267,0.164,8,2,1.522
BOB-1210-1088,Bobigny,48.9165,2.437095,0.606,15,2,1.15
VRY-1210-1089,Viry-Chatillon,48.681191,2.37922,0.45,12,2,1.0
BOB-1210-1090,Bobigny,48.919626,2.450172,0.466,9,2,1.667
BOB-1210-1091,Bobigny,48.909626,2.438603,0.524,19,2,1.667
RSB-1210-1092,Roissy-en-Brie,48.781261,2.64075,0.642,7,2,1.595
BOB-1210-1093,Bobigny,48.917265,2.465275,0.541,20,2,1.667
VRY-1210-1094,Viry-Chatillon,48.672569,2.374852,0.408,8,2,1.45
VLP-1210-1095,Villepinte,48.960783,2.541328,0.335,14,2,1.2
MAL-1210-1096,Malakoff,48.813021,2.306063,0.1,7,2,1.522
BOB-1210-1097,Bobigny,48.914406,2.450237,0.474,21,2,1.15
RSB-1210-1098,Roissy-en-Brie,48.793937,2.644944,0.475,11,2,1.1
MAL-1210-1099,Malakoff,48.802897,2.314571,0.848,13,2,1.05
VLP-1210-1100,Villepinte,48.960615,2.562019,0.258,11,2,1.2
RSB-1210-1101,Roissy-en-Brie,48.799587,2.647036,0.636,12,2,1.1
MAL-1210-1102,Malakoff,48.824558,2.328933,0.845,22,2,1.05
VRY-1210-1103,Viry-Chatillon,48.667031,2.373636,0.202,8,2,1.45
VLP-1210-1104,Villepinte,48.957479,2.544562,0.364,16,2,1.2
RSB-1210-1105,Roissy-en-Brie,48.779075,2.623265,0.572,12,2,1.1
RSB-1210-1106,Roissy-en-Brie,48.805874,2.653293,0.246,20,2,1.595
BOB-1210-1107,Bobigny,48.905847,2.442383,0.427,18,2,1.667
MAL-1210-1108,Malakoff,48.832127,2.272693,0.436,20,2,1.522
BOB-1210-1109,Bobigny,48.905349,2.43644,0.65,15,2,1.15
BOB-1210-1110,Bobigny,48.916033,2.440052,0.571,11,2,1.15
VRY-1210-1111,Viry-Chatillon,48.674099,2.38844,0.276,11,2,1.0
VLP-1210-1112,Villepinte,48.968051,2.542341,0.459,22,2,1.2
BOB-1210-1113,Bobigny,48.91055,2.417475,0.424,18,2,1.667
MAL-1210-1114,Malakoff,48.820429,2.290431,0.721,7,2,1.522
VLP-1210-1115,Villepinte,48.972915,2.548329,0.622,8,2,1.74
MAL-1210-1116,Malakoff,48.827609,2.283891,0.203,17,2,1.522
BOB-1210-1117,Bobigny,48.915851,2.436681,0.221,9,2,1.667
VLP-1210-1118,Villepinte,48.965982,2.531666,0.498,9,2,1.74
MAL-1210-1119,Malakoff,48.808526,2.282002,0.261,14,2,1.05
RSB-1210-1120,Roissy-en-Brie,48.79653,2.643496,0.792,9,2,1.595
VLP-1210-1121,Villepinte,48.960882,2.563103,0.429,10,2,1.2
VRY-1210-1122,Viry-Chatillon,48.667995,2.388847,0.449,18,2,1.45
RSB-1210-1123,Roissy-en-Brie,48.79026,2.65104,0.597,9,2,1.595
VLP-1210-1124,Villepinte,48.970819,2.553226,0.745,21,2,1.2
BOB-1210-1125,Bobigny,48.910797,2.446308,0.514,22,2,1.15
MAL-1210-1126,Malakoff,48.820388,2.308939,0.518,11,2,1.05
VLP-1210-1127,Villepinte,48.970944,2.538401,0.598,20,2,1.74
BOB-1210-1128,Bobigny,48.892918,2.430841,0.603,17,2,1.667
VLP-1210-1129,Villepinte,48.973073,2.540721,0.536,8,2,1.74
RSB-1210-1130,Roissy-en-Brie,48.80802,2.657948,0.409,20,2,1.595
RSB-1210-1131,Roissy-en-Brie,48.794847,2.6593,0.276,11,2,1.1
RSB-1210-1132,Roissy-en-Brie,48.798695,2.648959,0.321,18,2,1.595
VRY-1210-1133,Viry-Chatillon,48.677588,2.382884,0.558,10,2,1.0
RSB-1210-1134,Roissy-en-Brie,48.791558,2.653987,0.692,18,2,1.595
BOB-1210-1135,Bobigny,48.915389,2.442464,0.745,22,2,1.15
MAL-1210-1136,Malakoff,48.831056,2.303528,0.276,20,2,1.522
VRY-1210-1137,Viry-Chatillon,48.676422,2.377087,0.451,13,2,1.0
VLP-1210-1138,Villepinte,48.971885,2.534704,0.614,22,2,1.2
VRY-1210-1139,Viry-Chatillon,48.675451,2.384132,0.442,9,2,1.45
VRY-1210-1140,Viry-Chatillon,48.669421,2.396253,0.775,13,2,1.0
BOB-1210-1141,Bobigny,48.920223,2.44468,0.697,17,2,1.667
VRY-1210-1142,Viry-Chatillon,48.663393,2.371173,0.209,9,2,1.45
MAL-1210-1143,Malakoff,48.826865,2.313216,0.746,9,2,1.522
VLP-1210-1144,Villepinte,48.96811,2.573321,0.467,19,2,1.74
VLP-1210-1145,Villepinte,48.968647,2.540488,0.107,20,2,1.74
BOB-1210-1146,Bobigny,48.907692,2.451681,0.226,13,2,1.15
RSB-1210-1147,Roissy-en-Brie,48.779724,2.674932,0.595,14,2,1.1
RSB-1210-1148,Roissy-en-Brie,48.763656,2.64128,0.715,17,2,1.595
VRY-1210-1149,Viry-Chatillon,48.676152,2.374415,0.493,18,2,1.45
BOB-1210-1150,Bobigny,48.899033,2.462006,0.217,15,2,1.15
BOB-1210-1151,Bobigny,48.899108,2.455289,0.431,15,2,1.15
BOB-1210-1152,Bobigny,48.911578,2.450166,0.441,11,2,1.15
RSB-1210-1153,Roissy-en-Brie,48.769028,2.654575,0.28,18,2,1.595
MAL-1210-1154,Malakoff,48.827572,2.302115,0.1,17,2,1.522
VLP-1210-1155,Villepinte,48.964063,2.570693,0.199,9,2,1.74
VLP-1210-1156,Villepinte,48.975502,2.565096,0.542,14,2,1.2
VRY-1210-1157,Viry-Chatillon,48.671712,2.395816,0.461,14,2,1.0
VLP-1210-1158,Villepinte,48.971771,2.545902,0.553,15,2,1.2
VLP-1210-1159,Villepinte,48.962112,2.52773,0.719,20,2,1.74
VRY-1210-1160,Viry-Chatillon,48.674919,2.394784,0.562,16,2,1.0
BOB-1210-1161,Bobigny,48.918253,2.464669,0.398,15,2,1.15
VRY-1210-1162,Viry-Chatillon,48.682847,2.371264,0.477,11,2,1.0
VRY-1210-1163,Viry-Chatillon,48.663425,2.379257,0.776,12,2,1.0
MAL-1210-1164,Malakoff,48.836516,2.289585,0.519,22,2,1.05
VLP-1210-1165,Villepinte,48.949312,2.570018,0.56,17,2,1.74
BOB-1210-1166,Bobigny,48.892301,2.439958,0.428,8,2,1.667
BOB-1210-1167,Bobigny,48.899552,2.419117,0.403,11,2,1.15
RSB-1210-1168,Roissy-en-Brie,48.787662,2.642079,0.415,7,2,1.595
MAL-1210-1169,Malakoff,48.827271,2.303041,0.893,8,2,1.522
VRY-1210-1170,Viry-Chatillon,48.663802,2.369275,0.372,11,2,1.0
BOB-1210-1171,Bobigny,48.898777,2.463343,0.273,10,2,1.15
VRY-1210-1172,Viry-Chatillon,48.656842,2.381471,0.723,18,2,1.45
BOB-1210-1173,Bobigny,48.915388,2.468275,0.253,21,2,1.15
VRY-1210-1174,Viry-Chatillon,48.688107,2.388403,0.418,7,2,1.45
VLP-1210-1175,Villepinte,48.981191,2.547236,0.349,11,2,1.2
VRY-1210-1176,Viry-Chatillon,48.654345,2.378663,0.386,9,2,1.45
RSB-1210-1177,Roissy-en-Brie,48.790082,2.667535,0.547,15,2,1.1
RSB-1210-1178,Roissy-en-Brie,48.803675,2.652028,0.535,8,2,1.595
BOB-1210-1179,Bobigny,48.899993,2.437173,0.211,16,2,1.15
RSB-1210-1180,Roissy-en-Brie,48.794935,2.668074,0.4,18,2,1.595
MAL-1210-1181,Malakoff,48.83673,2.330742,0.585,21,2,1.05
BOB-1210-1182,Bobigny,48.920964,2.472226,0.698,21,2,1.15
VLP-1210-1183,Villepinte,48.990594,2.57194,0.1,9,2,1.74
BOB-1210-1184,Bobigny,48.912854,2.449436,0.503,6,2,1.15
RSB-1210-1185,Roissy-en-Brie,48.786004,2.617995,0.4,14,2,1.1
MAL-1210-1186,Malakoff,48.830495,2.318874,0.816,12,2,1.05
MAL-1210-1187,Malakoff,48.819308,2.285481,0.488,8,2,1.522
BOB-1210-1188,Bobigny,48.924472,2.453387,0.309,12,2,1.15
BOB-1210-1189,Bobigny,48.911163,2.459867,0.78,20,2,1.667
RSB-1210-1190,Roissy-en-Brie,48.796898,2.663737,0.651,8,2,1.595
VLP-1210-1191,Villepinte,48.975068,2.556536,0.474,8,2,1.74
BOB-1210-1192,Bobigny,48.918924,2.448944,0.387,7,2,1.667
RSB-1210-1193,Roissy-en-Brie,48.774587,2.656895,0.51,21,2,1.1
VLP-1210-1194,Villepinte,48.961456,2.553197,0.424,21,2,1.2
RSB-1210-1195,Roissy-en-Brie,48.800396,2.647155,0.713,6,2,1.1
VLP-1210-1196,Villepinte,48.96627,2.551488,0.56,13,2,1.2
VRY-1210-1197,Viry-Chatillon,48.672198,2.364964,0.118,14,2,1.0
BOB-1210-1198,Bobigny,48.912639,2.430007,0.2,22,2,1.15
VRY-1210-1199,Viry-Chatillon,48.659003,2.359787,0.455,12,2,1.0
VLP-1210-1200,Villepinte,48.971828,2.551994,0.555,22,2,1.2
VRY-1210-1201,Viry-Chatillon,48.648359,2.389998,0.591,7,2,1.45
VLP-1210-1202,Villepinte,48.964569,2.546234,0.577,19,2,1.74
RSB-1210-1203,Roissy-en-Brie,48.805003,2.656655,0.419,22,2,1.1
VRY-1210-1204,Viry-Chatillon,48.677094,2.362419,0.408,9,2,1.45
RSB-1210-1205,Roissy-en-Brie,48.787377,2.662304,0.519,19,2,1.595
VRY-1210-1206,Viry-Chatillon,48.683622,2.386182,0.737,18,2,1.45
MAL-1210-1207,Malakoff,48.809192,2.285807,0.342,8,2,1.522
RSB-1210-1208,Roissy-en-Brie,48.780213,2.647015,0.578,10,2,1.1
VRY-1210-1209,Viry-Chatillon,48.667882,2.391202,0.263,6,2,1.0
MAL-1210-1210,Malakoff,48.827585,2.284044,0.711,11,2,1.05
VRY-1210-1211,Viry-Chatillon,48.660504,2.377554,0.391,19,2,1.45
VLP-1210-1212,Villepinte,48.975536,2.57555,0.237,8,2,1.74
BOB-1210-1213,Bobigny,48.899915,2.433226,0.464,15,2,1.15
RSB-1210-1214,Roissy-en-Brie,48.802124,2.629732,0.738,7,2,1.595
VRY-1210-1215,Viry-Chatillon,48.672266,2.381181,0.537,13,2,1.0
RSB-1210-1216,Roissy-en-Brie,48.782213,2.666404,0.452,8,2,1.595
BOB-1210-1217,Bobigny,48.908275,2.465427,0.656,22,2,1.15
RSB-1210-1218,Roissy-en-Brie,48.799126,2.659973,0.62,9,2,1.595
MAL-1210-1219,Malakoff,48.807622,2.276399,0.322,17,2,1.522
MAL-1210-1220,Malakoff,48.832009,2.309309,0.647,16,2,1.05
RSB-1210-1221,Roissy-en-Brie,48.80288,2.648437,0.586,11,2,1.1
MAL-1210-1222,Malakoff,48.832744,2.313461,0.62,15,2,1.05
VRY-1210-1223,Viry-Chatillon,48.686293,2.390468,0.431,14,2,1.0
VLP-1210-1224,Villepinte,48.967837,2.552459,0.331,10,2,1.2
MAL-1210-1225,Malakoff,48.82227,2.305505,0.459,6,2,1.05
VLP-1210-1226,Villepinte,48.974349,2.540163,0.364,14,2,1.2
VRY-1210-1227,Viry-Chatillon,48.674928,2.370252,0.616,19,2,1.45
VRY-1210-1228,Viry-Chatillon,48.669237,2.368688,0.437,21,2,1.0
MAL-1210-1229,Malakoff,48.820533,2.31147,0.557,18,2,1.522
MAL-1210-1230,Malakoff,48.811709,2.290164,0.464,8,2,1.522
VRY-1210-1231,Viry-Chatillon,48.665597,2.372749,0.522,14,2,1.0
VRY-1210-1232,Viry-Chatillon,48.6821,2.402581,0.217,20,2,1.45
MAL-1210-1233,Malakoff,48.842824,2.301497,0.532,6,2,1.05
MAL-1210-1234,Malakoff,48.834195,2.287846,0.486,16,2,1.05
BOB-1210-1235,Bobigny,48.909722,2.447248,0.641,10,2,1.15
VLP-1210-1236,Villepinte,48.961118,2.555416,0.321,22,2,1.2
VLP-1210-1237,Villepinte,48.969467,2.565225,0.174,13,2,1.2
BOB-1210-1238,Bobigny,48.912204,2.462484,0.428,6,2,1.15
RSB-1210-1239,Roissy-en-Brie,48.80524,2.645236,0.735,13,2,1.1
BOB-1210-1240,Bobigny,48.89223,2.453031,0.898,15,2,1.15
BOB-1210-1241,Bobigny,48.909471,2.449937,0.48,14,2,1.15
VLP-1210-1242,Villepinte,48.968463,2.544766,0.45,20,2,1.74
BOB-1210-1243,Bobigny,48.920696,2.451389,0.131,14,2,1.15
BOB-1210-1244,Bobigny,48.894635,2.470716,0.405,18,2,1.667
MAL-1210-1245,Malakoff,48.822805,2.30158,0.341,21,2,1.05
RSB-1210-1246,Roissy-en-Brie,48.79286,2.655525,0.507,15,2,1.1
VLP-1210-1247,Villepinte,48.972087,2.539357,0.555,9,2,1.74
VLP-1210-1248,Villepinte,48.974067,2.544277,0.389,11,2,1.2
BOB-1210-1249,Bobigny,48.904442,2.444077,0.631,18,2,1.667
VRY-1210-1250,Viry-Chatillon,48.686239,2.409246,0.731,21,2,1.0
RSB-1210-1251,Roissy-en-Brie,48.782586,2.644788,0.387,21,2,1.1
VRY-1210-1252,Viry-Chatillon,48.676084,2.388297,0.853,16,2,1.0
BOB-1210-1253,Bobigny,48.897505,2.473338,0.372,8,2,1.667
MAL-1210-1254,Malakoff,48.81735,2.312999,0.479,13,2,1.05
RSB-1210-1255,Roissy-en-Brie,48.818417,2.636714,0.339,16,2,1.1
MAL-1210-1256,Malakoff,48.823531,2.29217,0.153,13,2,1.05
VRY-1210-1257,Viry-Chatillon,48.667589,2.383819,0.1,20,2,1.45
VLP-1210-1258,Villepinte,48.96077,2.562354,0.538,20,2,1.74
VLP-1210-1259,Villepinte,48.970028,2.55083,0.472,9,2,1.74
VRY-1210-1260,Viry-Chatillon,48.677035,2.393134,0.664,13,2,1.0
VRY-1210-1261,Viry-Chatillon,48.668597,2.409267,0.365,13,2,1.0
RSB-1210-1262,Roissy-en-Brie,48.795722,2.655139,0.508,22,2,1.1
MAL-1210-1263,Malakoff,48.819745,2.313613,0.317,22,2,1.05
MAL-1210-1264,Malakoff,48.825176,2.303237,0.601,19,2,1.522
VLP-1210-1265,Villepinte,48.977156,2.563413,0.264,11,2,1.2
VRY-1210-1266,Viry-Chatillon,48.662262,2.374455,0.614,19,2,1.45
VRY-1210-1267,Viry-Chatillon,48.676176,2.391487,0.228,8,2,1.45
RSB-1210-1268,Roissy-en-Brie,48.798658,2.644009,0.565,10,2,1.1
MAL-1210-1269,Malakoff,48.818878,2.305981,0.526,10,2,1.05
VRY-1210-1270,Viry-Chatillon,48.657595,2.382716,0.732,10,2,1.0
VRY-1210-1271,Viry-Chatillon,48.676593,2.361761,0.291,15,2,1.0
RSB-1210-1272,Roissy-en-Brie,48.781619,2.640554,0.672,22,2,1.1
VLP-1210-1273,Villepinte,48.985694,2.546167,0.383,21,2,1.2
BOB-1210-1274,Bobigny,48.898215,2.449098,0.438,9,2,1.667
RSB-1210-1275,Roissy-en-Brie,48.779083,2.686631,0.597,12,2,1.1
VLP-1210-1276,Villepinte,48.976169,2.545018,0.567,18,2,1.74
BOB-1210-1277,Bobigny,48.900259,2.456049,0.466,19,2,1.667
VRY-1210-1278,Viry-Chatillon,48.686927,2.396473,0.479,10,2,1.0
VRY-1210-1279,Viry-Chatillon,48.682701,2.379097,0.429,15,2,1.0
VRY-1210-1280,Viry-Chatillon,48.675665,2.362819,0.608,9,2,1.45
VRY-1210-1281,Viry-Chatillon,48.665522,2.370459,0.497,15,2,1.0
BOB-1210-1282,Bobigny,48.915483,2.461615,0.858,11,2,1.15
RSB-1210-1283,Roissy-en-Brie,48.796443,2.668278,0.47,15,2,1.1
BOB-1210-1284,Bobigny,48.917655,2.455196,0.59,19,2,1.667
VLP-1210-1285,Villepinte,48.953147,2.541289,0.652,7,2,1.74
RSB-1210-1286,Roissy-en-Brie,48.788707,2.643104,0.546,7,2,1.595
VLP-1210-1287,Villepinte,48.973367,2.545408,0.502,19,2,1.74
VLP-1210-1288,Villepinte,48.96306,2.566623,0.263,6,2,1.2
VLP-1210-1289,Villepinte,48.978435,2.540311,0.458,19,2,1.74
MAL-1210-1290,Malakoff,48.824973,2.295359,0.538,11,2,1.05
VRY-1210-1291,Viry-Chatillon,48.664543,2.372228,0.609,10,2,1.0
RSB-1210-1292,Roissy-en-Brie,48.796016,2.650732,0.509,19,2,1.595
BOB-1210-1293,Bobigny,48.909735,2.437059,0.259,19,2,1.667
BOB-1210-1294,Bobigny,48.90567,2.468598,0.466,13,2,1.15
VLP-1210-1295,Villepinte,48.975802,2.55005,0.372,21,2,1.2
VRY-1210-1296,Viry-Chatillon,48.682669,2.372331,0.332,11,2,1.0
VLP-1210-1297,Villepinte,48.962073,2.538321,0.74,6,2,1.2
RSB-1210-1298,Roissy-en-Brie,48.776983,2.656473,0.655,22,2,1.1
VLP-1210-1299,Villepinte,48.971417,2.559251,0.613,19,2,1.74
VRY-1210-1300,Viry-Chatillon,48.661839,2.384446,0.662,19,2,1.45
MAL-1210-1301,Malakoff,48.815794,2.302541,0.452,21,2,1.05
VLP-1210-1302,Villepinte,48.967428,2.563146,0.274,6,2,1.2
VLP-1210-1303,Villepinte,48.965787,2.530453,0.542,8,2,1.74
BOB-1210-1304,Bobigny,48.926057,2.429158,0.624,10,2,1.15
RSB-1210-1305,Roissy-en-Brie,48.782702,2.655094,0.708,19,2,1.595
VRY-1210-1306,Viry-Chatillon,48.680623,2.371199,0.72,16,2,1.0
VLP-1210-1307,Villepinte,48.981852,2.563172,0.388,10,2,1.2
VRY-1210-1308,Viry-Chatillon,48.679259,2.357755,0.653,20,2,1.45
RSB-1210-1309,Roissy-en-Brie,48.774809,2.65452,0.423,16,2,1.1
RSB-1210-1310,Roissy-en-Brie,48.787529,2.632276,0.546,9,2,1.595
RSB-1210-1311,Roissy-en-Brie,48.788985,2.631626,0.455,13,2,1.1
RSB-1210-1312,Roissy-en-Brie,48.789874,2.651598,0.509,11,2,1.1
BOB-1210-1313,Bobigny,48.914043,2.442065,0.18,10,2,1.15
VLP-1210-1314,Villepinte,48.978691,2.549775,0.498,10,2,1.2
MAL-1210-1315,Malakoff,48.820943,2.278137,0.449,21,2,1.05
VLP-1210-1316,Villepinte,48.971759,2.56101,0.274,10,2,1.2
RSB-1210-1317,Roissy-en-Brie,48.773284,2.663914,0.386,10,2,1.1
VRY-1210-1318,Viry-Chatillon,48.663499,2.375384,0.327,15,2,1.0
VLP-1210-1319,Villepinte,48.959669,2.530888,0.587,22,2,1.2
RSB-1210-1320,Roissy-en-Brie,48.790872,2.626477,0.533,16,2,1.1
VRY-1210-1321,Viry-Chatillon,48.685123,2.399329,0.406,13,2,1.0
BOB-1210-1322,Bobigny,48.887558,2.45514,0.776,17,2,1.667
VRY-1210-1323,Viry-Chatillon,48.680739,2.352922,0.327,9,2,1.45
RSB-1210-1324,Roissy-en-Brie,48.787808,2.63948,0.489,15,2,1.1
RSB-1210-1325,Roissy-en-Brie,48.793966,2.642745,0.288,21,2,1.1
RSB-1210-1326,Roissy-en-Brie,48.785319,2.643392,0.39,18,2,1.595
VRY-1210-1327,Viry-Chatillon,48.670799,2.361289,0.427,16,2,1.0
MAL-1210-1328,Malakoff,48.817888,2.280442,0.294,10,2,1.05
VLP-1210-1329,Villepinte,48.961741,2.554197,0.531,20,2,1.74
VRY-1210-1330,Viry-Chatillon,48.672197,2.367044,0.586,17,2,1.45
VLP-1210-1331,Villepinte,48.979456,2.55015,0.728,20,2,1.74
VRY-1210-1332,Viry-Chatillon,48.675804,2.3876,0.126,18,2,1.45
BOB-1210-1333,Bobigny,48.901341,2.446899,0.527,15,2,1.15
RSB-1210-1334,Roissy-en-Brie,48.790068,2.635952,0.566,22,2,1.1
BOB-1210-1335,Bobigny,48.88905,2.447299,0.197,6,2,1.15
VLP-1210-1336,Villepinte,48.963575,2.559896,0.577,15,2,1.2
MAL-1210-1337,Malakoff,48.825924,2.3428,0.415,14,2,1.05
MAL-1210-1338,Malakoff,48.814175,2.286686,0.767,9,2,1.522
BOB-1210-1339,Bobigny,48.91351,2.450896,0.242,7,2,1.667
VLP-1210-1340,Villepinte,48.962658,2.562073,0.722,11,2,1.2
BOB-1210-1341,Bobigny,48.924168,2.455438,0.1,14,2,1.15
BOB-1210-1342,Bobigny,48.918514,2.471234,0.462,18,2,1.667
RSB-1210-1343,Roissy-en-Brie,48.78565,2.666429,0.649,13,2,1.1
BOB-1210-1344,Bobigny,48.914854,2.450935,0.1,19,2,1.667
BOB-1210-1345,Bobigny,48.903654,2.449655,0.381,6,2,1.15
VLP-1210-1346,Villepinte,48.970601,2.539526,0.707,18,2,1.74
VRY-1210-1347,Viry-Chatillon,48.675998,2.380479,0.239,9,2,1.45
RSB-1210-1348,Roissy-en-Brie,48.792423,2.644743,0.369,17,2,1.595
MAL-1210-1349,Malakoff,48.806556,2.281839,0.527,17,2,1.522
RSB-1210-1350,Roissy-en-Brie,48.796449,2.646708,0.595,7,2,1.595
RSB-1210-1351,Roissy-en-Brie,48.80121,2.647082,0.198,17,2,1.595
VLP-1210-1352,Villepinte,48.96735,2.562332,0.228,21,2,1.2
MAL-1210-1353,Malakoff,48.820936,2.288758,0.272,19,2,1.522
BOB-1210-1354,Bobigny,48.914619,2.441923,0.75,10,2,1.15
VLP-1210-1355,Villepinte,48.959328,2.574651,0.707,18,2,1.74
RSB-1210-1356,Roissy-en-Brie,48.787242,2.641817,0.79,19,2,1.595
MAL-1210-1357,Malakoff,48.815861,2.304324,0.453,19,2,1.522
RSB-1210-1358,Roissy-en-Brie,48.778608,2.648279,0.584,16,2,1.1
MAL-1210-1359,Malakoff,48.817919,2.275496,0.536,11,2,1.05
BOB-1210-1360,Bobigny,48.923733,2.465081,0.799,11,2,1.15
BOB-1210-1361,Bobigny,48.916733,2.424271,0.695,10,2,1.15
VRY-1210-1362,Viry-Chatillon,48.670653,2.380307,0.755,14,2,1.0
RSB-1210-1363,Roissy-en-Brie,48.793206,2.644032,0.722,6,2,1.1
BOB-1210-1364,Bobigny,48.899829,2.450027,0.649,16,2,1.15
VRY-1210-1365,Viry-Chatillon,48.666588,2.377474,0.679,17,2,1.45
MAL-1210-1366,Malakoff,48.825188,2.30025,0.591,12,2,1.05
VLP-1210-1367,Villepinte,48.964361,2.52853,0.493,6,2,1.2
VRY-1210-1368,Viry-Chatillon,48.673852,2.380126,0.776,16,2,1.0
VLP-1210-1369,Villepinte,48.984251,2.555407,0.764,13,2,1.2
BOB-1210-1370,Bobigny,48.907516,2.446526,0.531,8,2,1.667
RSB-1210-1371,Roissy-en-Brie,48.793216,2.661556,0.484,18,2,1.595
BOB-1210-1372,Bobigny,48.897861,2.431213,0.627,15,2,1.15
VRY-1210-1373,Viry-Chatillon,48.661971,2.371837,0.515,9,2,1.45
RSB-1210-1374,Roissy-en-Brie,48.794525,2.662347,0.481,15,2,1.1
RSB-1210-1375,Roissy-en-Brie,48.793836,2.648945,0.389,10,2,1.1
VRY-1210-1376,Viry-Chatillon,48.66602,2.380604,0.581,22,2,1.0
VLP-1210-1377,Villepinte,48.957534,2.542616,0.424,20,2,1.74
MAL-1210-1378,Malakoff,48.830369,2.297553,0.425,8,2,1.522
MAL-1210-1379,Malakoff,48.806448,2.293754,0.587,12,2,1.05
VLP-1210-1380,Villepinte,48.980992,2.550342,0.587,17,2,1.74
BOB-1210-1381,Bobigny,48.898924,2.451473,0.564,19,2,1.667
BOB-1210-1382,Bobigny,48.909973,2.433463,0.597,18,2,1.667
RSB-1210-1383,Roissy-en-Brie,48.781779,2.671506,0.334,22,2,1.1
RSB-1210-1384,Roissy-en-Brie,48.779721,2.638517,0.663,17,2,1.595
BOB-1210-1385,Bobigny,48.902244,2.465356,0.546,21,2,1.15
VRY-1210-1386,Viry-Chatillon,48.664793,2.35074,0.575,9,2,1.45
BOB-1210-1387,Bobigny,48.913018,2.450138,0.41,21,2,1.15
BOB-1210-1388,Bobigny,48.916703,2.438827,0.351,10,2,1.15
VLP-1210-1389,Villepinte,48.971929,2.555299,0.423,19,2,1.74
BOB-1210-1390,Bobigny,48.907881,2.465134,0.441,6,2,1.15
VLP-1210-1391,Villepinte,48.962015,2.539165,0.448,16,2,1.2
MAL-1210-1392,Malakoff,48.820665,2.320501,0.472,21,2,1.05
RSB-1210-1393,Roissy-en-Brie,48.787192,2.641299,0.482,7,2,1.595
RSB-1210-1394,Roissy-en-Brie,48.781498,2.654316,0.384,12,2,1.1
BOB-1210-1395,Bobigny,48.897991,2.47199,0.54,16,2,1.15
VRY-1210-1396,Viry-Chatillon,48.679743,2.359462,0.351,17,2,1.45
RSB-1210-1397,Roissy-en-Brie,48.779026,2.668355,0.511,9,2,1.595
MAL-1210-1398,Malakoff,48.813731,2.308127,0.201,19,2,1.522
BOB-1210-1399,Bobigny,48.913196,2.457233,0.53,7,2,1.667
RSB-1210-1400,Roissy-en-Brie,48.795581,2.655148,0.717,22,2,1.1
VRY-1210-1401,Viry-Chatillon,48.665229,2.384355,0.45,17,2,1.45
MAL-1210-1402,Malakoff,48.81959,2.30504,0.464,9,2,1.522
VLP-1210-1403,Villepinte,48.972549,2.550965,0.441,19,2,1.74
RSB-1210-1404,Roissy-en-Brie,48.79088,2.640571,0.262,19,2,1.595
MAL-1210-1405,Malakoff,48.822971,2.272428,0.454,16,2,1.05
VRY-1210-1406,Viry-Chatillon,48.666798,2.407308,0.664,14,2,1.0
VLP-1210-1407,Villepinte,48.964027,2.537304,0.353,9,2,1.74
BOB-1210-1408,Bobigny,48.910674,2.452419,0.479,12,2,1.15
RSB-1210-1409,Roissy-en-Brie,48.782534,2.636411,0.309,11,2,1.1
VLP-1210-1410,Villepinte,48.973353,2.529947,0.532,20,2,1.74
MAL-1210-1411,Malakoff,48.836603,2.314456,0.436,16,2,1.05
MAL-1210-1412,Malakoff,48.818856,2.27877,0.438,12,2,1.05
VLP-1210-1413,Villepinte,48.968485,2.560052,0.732,12,2,1.2
VLP-1210-1414,Villepinte,48.976932,2.546076,0.186,7,2,1.74
MAL-1210-1415,Malakoff,48.813371,2.292488,0.696,11,2,1.05
MAL-1210-1416,Malakoff,48.826046,2.311649,0.479,20,2,1.522
VRY-1210-1417,Viry-Chatillon,48.672597,2.380862,0.691,16,2,1.0
VLP-1210-1418,Villepinte,48.964546,2.535704,0.363,16,2,1.2
MAL-1210-1419,Malakoff,48.830104,2.298761,0.622,20,2,1.522
VRY-1210-1420,Viry-Chatillon,48.667563,2.372057,0.85,21,2,1.0
VLP-1210-1421,Villepinte,48.971756,2.561661,0.406,6,2,1.2
BOB-1210-1422,Bobigny,48.903338,2.447498,0.499,19,2,1.667
BOB-1210-1423,Bobigny,48.92315,2.440479,0.416,6,2,1.15
RSB-1210-1424,Roissy-en-Brie,48.785413,2.643878,0.458,17,2,1.595
VLP-1210-1425,Villepinte,48.967184,2.542601,0.465,8,2,1.74
RSB-1210-1426,Roissy-en-Brie,48.780614,2.642226,0.601,9,2,1.595
VLP-1210-1427,Villepinte,48.968369,2.546002,0.25,22,2,1.2
BOB-1210-1428,Bobigny,48.916832,2.435208,0.491,16,2,1.15
VLP-1210-1429,Villepinte,48.983098,2.555646,0.369,12,2,1.2
BOB-1210-1430,Bobigny,48.921072,2.469954,0.496,11,2,1.15
RSB-1210-1431,Roissy-en-Brie,48.802877,2.666617,0.346,10,2,1.1
BOB-1210-1432,Bobigny,48.892978,2.468746,0.411,17,2,1.667
BOB-1210-1433,Bobigny,48.9186,2.452491,0.427,16,2,1.15
VLP-1210-1434,Villepinte,48.977016,2.571273,0.481,9,2,1.74
VRY-1210-1435,Viry-Chatillon,48.65712,2.362406,0.446,16,2,1.0
VRY-1210-1436,Viry-Chatillon,48.673769,2.38204,0.649,15,2,1.0
VLP-1210-1437,Villepinte,48.976573,2.534671,0.607,19,2,1.74
MAL-1210-1438,Malakoff,48.816018,2.297494,0.361,16,2,1.05
MAL-1210-1439,Malakoff,48.813974,2.293845,0.587,21,2,1.05
BOB-1210-1440,Bobigny,48.917184,2.454985,0.785,20,2,1.667
VRY-1210-1441,Viry-Chatillon,48.664345,2.353657,0.478,10,2,1.0
RSB-1210-1442,Roissy-en-Brie,48.78757,2.642298,0.498,9,2,1.595
MAL-1210-1443,Malakoff,48.836072,2.302561,0.347,9,2,1.522
BOB-1210-1444,Bobigny,48.898002,2.432582,0.4,20,2,1.667
VLP-1210-1445,Villepinte,48.969239,2.552748,0.822,22,2,1.2
BOB-1210-1446,Bobigny,48.91466,2.455863,0.95,19,2,1.667
VLP-1210-1447,Villepinte,48.977906,2.560992,0.18,6,2,1.2
MAL-1210-1448,Malakoff,48.808999,2.310315,0.495,19,2,1.522
MAL-1210-1449,Malakoff,48.803607,2.30068,0.1,16,2,1.05
RSB-1210-1450,Roissy-en-Brie,48.78956,2.629065,0.496,6,2,1.1
MAL-1210-1451,Malakoff,48.813827,2.302385,0.739,12,2,1.05
BOB-1210-1452,Bobigny,48.89977,2.459182,0.262,15,2,1.15
BOB-1210-1453,Bobigny,48.909125,2.447507,0.755,17,2,1.667
VRY-1210-1454,Viry-Chatillon,48.674899,2.383354,0.272,21,2,1.0
BOB-1210-1455,Bobigny,48.909324,2.428538,0.609,20,2,1.667
RSB-1210-1456,Roissy-en-Brie,48.793887,2.639821,0.42,19,2,1.595
BOB-1210-1457,Bobigny,48.900502,2.436857,0.739,14,2,1.15
BOB-1210-1458,Bobigny,48.911589,2.462074,0.601,14,2,1.15
BOB-1210-1459,Bobigny,48.909342,2.469158,0.377,18,2,1.667
BOB-1210-1460,Bobigny,48.896019,2.465033,0.611,12,2,1.15
MAL-1210-1461,Malakoff,48.824683,2.302215,0.44,14,2,1.05
VLP-1210-1462,Villepinte,48.965999,2.531611,0.382,12,2,1.2
BOB-1210-1463,Bobigny,48.894196,2.427325,0.556,20,2,1.667
RSB-1210-1464,Roissy-en-Brie,48.77245,2.64086,0.547,17,2,1.595
BOB-1210-1465,Bobigny,48.903578,2.430751,0.665,21,2,1.15
RSB-1210-1466,Roissy-en-Brie,48.78075,2.64794,0.474,12,2,1.1
MAL-1210-1467,Malakoff,48.813261,2.317476,0.473,18,2,1.522
BOB-1210-1468,Bobigny,48.902342,2.475859,0.386,8,2,1.667
VRY-1210-1469,Viry-Chatillon,48.66166,2.396195,0.478,11,2,1.0
MAL-1210-1470,Malakoff,48.820062,2.313936,0.391,8,2,1.522
BOB-1210-1471,Bobigny,48.906536,2.442454,0.458,10,2,1.15
RSB-1210-1472,Roissy-en-Brie,48.792845,2.657034,0.486,21,2,1.1
BOB-1210-1473,Bobigny,48.906142,2.44862,0.586,21,2,1.15
MAL-1210-1474,Malakoff,48.825594,2.302426,0.391,16,2,1.05
MAL-1210-1475,Malakoff,48.828216,2.284108,0.513,16,2,1.05
VLP-1210-1476,Villepinte,48.957263,2.569071,0.512,13,2,1.2
BOB-1210-1477,Bobigny,48.909591,2.469963,0.579,7,2,1.667
VLP-1210-1478,Villepinte,48.961779,2.554033,0.439,13,2,1.2
RSB-1210-1479,Roissy-en-Brie,48.803019,2.63758,0.625,12,2,1.1
VRY-1210-1480,Viry-Chatillon,48.670633,2.380334,0.375,10,2,1.0
VRY-1210-1481,Viry-Chatillon,48.676316,2.367193,0.632,11,2,1.0
RSB-1210-1482,Roissy-en-Brie,48.792688,2.643531,0.339,15,2,1.1
MAL-1210-1483,Malakoff,48.828225,2.325831,0.456,14,2,1.05
BOB-1210-1484,Bobigny,48.911024,2.443539,0.326,6,2,1.15
RSB-1210-1485,Roissy-en-Brie,48.788507,2.659696,0.531,16,2,1.1
VLP-1210-1486,Villepinte,48.966127,2.556942,0.309,19,2,1.74
VLP-1210-1487,Villepinte,48.967582,2.55628,0.495,20,2,1.74
VLP-1210-1488,Villepinte,48.95999,2.546713,0.593,13,2,1.2
BOB-1210-1489,Bobigny,48.912636,2.4694,0.628,20,2,1.667
MAL-1210-1490,Malakoff,48.827681,2.31767,0.271,20,2,1.522
MAL-1210-1491,Malakoff,48.831114,2.291568,0.551,16,2,1.05
BOB-1210-1492,Bobigny,48.894109,2.445071,0.567,16,2,1.15
RSB-1210-1493,Roissy-en-Brie,48.791931,2.643485,0.379,11,2,1.1
VLP-1210-1494,Villepinte,48.983832,2.573152,0.649,10,2,1.2
MAL-1210-1495,Malakoff,48.819457,2.311039,0.441,8,2,1.522
MAL-1210-1496,Malakoff,48.809628,2.303552,0.717,19,2,1.522
VLP-1210-1497,Villepinte,48.976296,2.549479,0.41,8,2,1.74
MAL-1210-1498,Malakoff,48.801487,2.292436,0.1,10,2,1.05
VRY-1210-1499,Viry-Chatillon,48.658386,2.403567,0.622,20,2,1.45
BOB-1210-1500,Bobigny,48.90421,2.454818,0.573,12,2,1.15
MAL-1210-1501,Malakoff,48.818702,2.30624,0.304,11,2,1.05
BOB-1210-1502,Bobigny,48.907464,2.442428,0.411,14,2,1.15
RSB-1210-1503,Roissy-en-Brie,48.797728,2.637925,0.619,14,2,1.1
VRY-1210-1504,Viry-Chatillon,48.670896,2.336014,0.438,6,2,1.0
VRY-1210-1505,Viry-Chatillon,48.682889,2.362911,0.406,6,2,1.0
RSB-1210-1506,Roissy-en-Brie,48.783716,2.66209,0.48,8,2,1.595
VRY-1210-1507,Viry-Chatillon,48.658265,2.395564,0.532,6,2,1.0
RSB-1210-1508,Roissy-en-Brie,48.783782,2.679829,0.406,7,2,1.595
VRY-1210-1509,Viry-Chatillon,48.673889,2.375538,0.25,13,2,1.0
BOB-1210-1510,Bobigny,48.925672,2.437617,0.492,6,2,1.15
RSB-1210-1511,Roissy-en-Brie,48.785847,2.649403,0.159,6,2,1.1
VLP-1210-1512,Villepinte,48.955763,2.555545,0.502,13,2,1.2
VLP-1210-1513,Villepinte,48.978338,2.527811,0.29,19,2,1.74
RSB-1210-1514,Roissy-en-Brie,48.77939,2.621381,0.563,14,2,1.1
RSB-1210-1515,Roissy-en-Brie,48.796618,2.651268,0.509,7,2,1.595
VLP-1210-1516,Villepinte,48.971286,2.560002,0.79,16,2,1.2
RSB-1210-1517,Roissy-en-Brie,48.777438,2.662828,0.898,16,2,1.1
BOB-1210-1518,Bobigny,48.903873,2.441945,0.152,7,2,1.667
RSB-1210-1519,Roissy-en-Brie,48.794249,2.631629,0.1,12,2,1.1
VRY-1210-1520,Viry-Chatillon,48.652254,2.372349,0.496,21,2,1.0
MAL-1210-1521,Malakoff,48.825046,2.278957,0.377,20,2,1.522
VLP-1210-1522,Villepinte,48.959495,2.520337,0.46,7,2,1.74
MAL-1210-1523,Malakoff,48.814421,2.297794,0.397,17,2,1.522
MAL-1210-1524,Malakoff,48.81875,2.31917,0.261,21,2,1.05
VRY-1210-1525,Viry-Chatillon,48.654052,2.384209,0.487,17,2,1.45
RSB-1210-1526,Roissy-en-Brie,48.783349,2.65008,0.425,14,2,1.1
MAL-1210-1527,Malakoff,48.820064,2.312028,0.743,17,2,1.522
VLP-1210-1528,Villepinte,48.975764,2.570657,0.553,9,2,1.74
MAL-1210-1529,Malakoff,48.82356,2.288621,0.425,14,2,1.05
VRY-1210-1530,Viry-Chatillon,48.671915,2.359707,0.806,20,2,1.45
MAL-1210-1531,Malakoff,48.831209,2.286121,0.729,12,2,1.05
VLP-1210-1532,Villepinte,48.977612,2.523459,0.412,6,2,1.2
VLP-1210-1533,Villepinte,48.984631,2.538624,0.521,7,2,1.74
RSB-1210-1534,Roissy-en-Brie,48.79078,2.640878,0.533,10,2,1.1
VRY-1210-1535,Viry-Chatillon,48.666912,2.365815,0.385,13,2,1.0
MAL-1210-1536,Malakoff,48.816699,2.298832,0.694,6,2,1.05
RSB-1210-1537,Roissy-en-Brie,48.774824,2.650259,0.3,7,2,1.595
VRY-1210-1538,Viry-Chatillon,48.651445,2.373727,0.743,11,2,1.0
VLP-1210-1539,Villepinte,48.958917,2.549696,0.238,22,2,1.2
VRY-1210-1540,Viry-Chatillon,48.680232,2.382544,0.349,19,2,1.45
BOB-1210-1541,Bobigny,48.91843,2.448607,0.639,16,2,1.15
BOB-1210-1542,Bobigny,48.906085,2.431137,0.788,13,2,1.15
VRY-1210-1543,Viry-Chatillon,48.676955,2.383954,0.379,7,2,1.45
RSB-1210-1544,Roissy-en-Brie,48.78553,2.649558,0.59,9,2,1.595
BOB-1210-1545,Bobigny,48.900135,2.448981,0.647,22,2,1.15
RSB-1210-1546,Roissy-en-Brie,48.785958,2.673529,0.318,20,2,1.595
MAL-1210-1547,Malakoff,48.824162,2.297161,0.715,12,2,1.05
MAL-1210-1548,Malakoff,48.826398,2.309162,0.1,15,2,1.05
MAL-1210-1549,Malakoff,48.81333,2.311274,0.723,17,2,1.522
VLP-1210-1550,Villepinte,48.965078,2.533575,0.407,8,2,1.74
VLP-1210-1551,Villepinte,48.972749,2.5428,0.707,18,2,1.74
BOB-1210-1552,Bobigny,48.910853,2.432245,0.483,21,2,1.15
VRY-1210-1553,Viry-Chatillon,48.658879,2.387715,0.1,9,2,1.45
BOB-1210-1554,Bobigny,48.909843,2.455476,0.395,11,2,1.15
MAL-1210-1555,Malakoff,48.830453,2.302976,0.335,17,2,1.522
RSB-1210-1556,Roissy-en-Brie,48.780458,2.648548,0.349,13,2,1.1
VLP-1210-1557,Villepinte,48.964442,2.571095,0.581,16,2,1.2
VRY-1210-1558,Viry-Chatillon,48.67475,2.385855,0.374,13,2,1.0
MAL-1210-1559,Malakoff,48.832716,2.292022,0.549,16,2,1.05
MAL-1210-1560,Malakoff,48.828504,2.28804,0.66,9,2,1.522
VRY-1210-1561,Viry-Chatillon,48.679583,2.363686,0.6,8,2,1.45
MAL-1210-1562,Malakoff,48.81057,2.30704,0.746,17,2,1.522
VLP-1210-1563,Villepinte,48.965486,2.545793,0.1,19,2,1.74
VLP-1210-1564,Villepinte,48.970489,2.549681,0.422,20,2,1.74
VLP-1210-1565,Villepinte,48.981542,2.532138,0.434,14,2,1.2
VLP-1210-1566,Villepinte,48.958219,2.517311,0.43,17,2,1.74
VLP-1210-1567,Villepinte,48.98094,2.535836,0.177,22,2,1.2
VRY-1210-1568,Viry-Chatillon,48.669898,2.379001,0.714,7,2,1.45
MAL-1210-1569,Malakoff,48.817462,2.279849,0.379,18,2,1.522
RSB-1210-1570,Roissy-en-Brie,48.771952,2.652642,0.33,20,2,1.595
MAL-1210-1571,Malakoff,48.823442,2.304425,0.309,7,2,1.522
VRY-1210-1572,Viry-Chatillon,48.668082,2.372633,0.531,12,2,1.0
VRY-1210-1573,Viry-Chatillon,48.662451,2.356524,0.339,8,2,1.45
VRY-1210-1574,Viry-Chatillon,48.686268,2.380402,0.459,19,2,1.45
VLP-1210-1575,Villepinte,48.971935,2.562173,0.509,7,2,1.74
MAL-1210-1576,Malakoff,48.8288,2.289277,0.43,17,2,1.522
BOB-1210-1577,Bobigny,48.911938,2.449735,0.668,14,2,1.15
BOB-1210-1578,Bobigny,48.904257,2.464191,0.562,12,2,1.15
RSB-1210-1579,Roissy-en-Brie,48.776772,2.686639,0.684,19,2,1.595
VRY-1210-1580,Viry-Chatillon,48.675825,2.374448,0.502,8,2,1.45
RSB-1210-1581,Roissy-en-Brie,48.777373,2.648746,0.311,7,2,1.595
RSB-1210-1582,Roissy-en-Brie,48.794264,2.667194,0.438,7,2,1.595
RSB-1210-1583,Roissy-en-Brie,48.796802,2.646171,0.556,18,2,1.595
VRY-1210-1584,Viry-Chatillon,48.679185,2.411158,0.296,18,2,1.45
VRY-1210-1585,Viry-Chatillon,48.669529,2.370248,0.581,13,2,1.0
VLP-1210-1586,Villepinte,48.961655,2.564319,0.271,11,2,1.2
RSB-1210-1587,Roissy-en-Brie,48.802905,2.673969,0.284,18,2,1.595
MAL-1210-1588,Malakoff,48.826876,2.314914,0.732,7,2,1.522
RSB-1210-1589,Roissy-en-Brie,48.777086,2.668563,0.558,19,2,1.595
RSB-1210-1590,Roissy-en-Brie,48.800217,2.655027,0.566,13,2,1.1
MAL-1210-1591,Malakoff,48.825384,2.311436,0.314,19,2,1.522
BOB-1210-1592,Bobigny,48.914716,2.450719,0.158,11,2,1.15
VRY-1210-1593,Viry-Chatillon,48.654776,2.40632,0.382,8,2,1.45
RSB-1210-1594,Roissy-en-Brie,48.803604,2.633744,0.498,8,2,1.595
RSB-1210-1595,Roissy-en-Brie,48.790752,2.669391,0.583,15,2,1.1
RSB-1210-1596,Roissy-en-Brie,48.794124,2.637105,0.529,15,2,1.1
VRY-1210-1597,Viry-Chatillon,48.673506,2.39502,0.473,17,2,1.45
MAL-1210-1598,Malakoff,48.802499,2.28547,0.329,14,2,1.05
MAL-1210-1599,Malakoff,48.824288,2.300391,0.428,15,2,1.05
